seed,n_terminals,graph_nodes,graph_edges,is_scale_free,scale_free_params,total_weight,max_time,tolerance,strict_acyclic,integrality_focus,method,nodes_steiner,edges_steiner,cost_of_steiner_tree,cost_diff,time,time_diff
0,20,750,1500,True,"5,0.1",762.8661057309208,,1e-05,,,nx,90,89,31.73932165907999,2.7084916092725777,0.03538179397583008,-601.1988196372986
0,20,750,1500,True,"5,0.1",762.8661057309208,600.0,1e-05,1.0,1.0,corneto,89,88,29.030830049807413,-2.7084916092725777,601.2342014312744,601.1988196372986
