seed,n_terminals,graph_nodes,graph_edges,is_scale_free,scale_free_params,total_weight,max_time,tolerance,strict_acyclic,integrality_focus,method,nodes_steiner,edges_steiner,cost_of_steiner_tree,cost_diff,time,time_diff
0,40,1000,1996,False,"5,0.1",995.89397281123,,0.0001,,,nx,98,97,26.18286591526035,1.8687252606594278,0.035001516342163086,-600.6374032497406
0,40,1000,1996,False,"5,0.1",995.89397281123,600.0,0.0001,0.0,1.0,corneto,101,100,24.314140654600923,-1.8687252606594278,600.6724047660828,600.6374032497406
