seed,n_terminals,graph_nodes,graph_edges,is_scale_free,scale_free_params,total_weight,max_time,tolerance,strict_acyclic,integrality_focus,method,nodes_steiner,edges_steiner,cost_of_steiner_tree,cost_diff,time,time_diff
0,50,750,2241,False,"5,0.1",1111.1886305508265,,0.0001,,,nx,93,92,19.197242056385136,2.9988056867782866,0.04777717590332031,-891.1846768856049
0,50,750,2241,False,"5,0.1",1111.1886305508265,7200.0,0.0001,1.0,1.0,corneto,103,102,16.19843636960685,-2.9988056867782866,891.2324540615082,891.1846768856049
