seed,n_terminals,graph_nodes,graph_edges,is_scale_free,scale_free_params,total_weight,max_time,tolerance,strict_acyclic,integrality_focus,method,nodes_steiner,edges_steiner,cost_of_steiner_tree,cost_diff,time,time_diff
0,40,1000,2000,True,"5,0.1",997.8282912803365,,0.001,,,nx,141,140,49.8209569492091,7.060085534399676,0.04657697677612305,-601.0958259105682
0,40,1000,2000,True,"5,0.1",997.8282912803365,600.0,0.001,0.0,1.0,corneto,155,154,42.76087141480942,-7.060085534399676,601.1424028873444,601.0958259105682
