seed,n_terminals,graph_nodes,graph_edges,is_scale_free,scale_free_params,total_weight,max_time,tolerance,strict_acyclic,integrality_focus,method,nodes_steiner,edges_steiner,cost_of_steiner_tree,cost_diff,time,time_diff
0,40,750,1500,True,"5,0.1",762.8661057309208,,0.001,,,nx,149,148,59.14360090408991,11.420469096192384,0.0430598258972168,-600.6326560974121
0,40,750,1500,True,"5,0.1",762.8661057309208,600.0,0.001,0.0,1.0,corneto,161,160,47.72313180789752,-11.420469096192384,600.6757159233093,600.6326560974121
