seed,n_terminals,graph_nodes,graph_edges,is_scale_free,scale_free_params,total_weight,max_time,tolerance,strict_acyclic,integrality_focus,method,nodes_steiner,edges_steiner,cost_of_steiner_tree,cost_diff,time,time_diff
0,20,250,741,False,"5,0.1",384.8606265083903,,0.001,,,nx,48,47,8.112011776121262,1.0786673546193102,0.013373851776123047,-34.680275201797485
0,20,250,741,False,"5,0.1",384.8606265083903,7200.0,0.001,0.0,1.0,corneto,52,51,7.033344421501952,-1.0786673546193102,34.69364905357361,34.680275201797485
