seed,n_terminals,graph_nodes,graph_edges,is_scale_free,scale_free_params,total_weight,max_time,tolerance,strict_acyclic,integrality_focus,method,nodes_steiner,edges_steiner,cost_of_steiner_tree,cost_diff,time,time_diff
0,20,1500,4491,False,"5,0.1",2236.7293810116294,,0.001,,,nx,56,55,10.007042335723984,1.30053487441163,0.046556711196899414,-194.9302659034729
0,20,1500,4491,False,"5,0.1",2236.7293810116294,7200.0,0.001,1.0,1.0,corneto,56,55,8.706507461312354,-1.30053487441163,194.9768226146698,194.9302659034729
