seed,n_terminals,graph_nodes,graph_edges,is_scale_free,scale_free_params,total_weight,max_time,tolerance,strict_acyclic,integrality_focus,method,nodes_steiner,edges_steiner,cost_of_steiner_tree,cost_diff,time,time_diff
0,50,1500,2996,False,"5,0.1",1491.564085781832,,1e-05,,,nx,119,118,36.019443974074115,7.844050134245528,0.08567237854003906,-600.9112293720245
0,50,1500,2996,False,"5,0.1",1491.564085781832,600.0,1e-05,0.0,1.0,corneto,119,118,28.175393839828587,-7.844050134245528,600.9969017505646,600.9112293720245
