seed,n_terminals,graph_nodes,graph_edges,is_scale_free,scale_free_params,total_weight,max_time,tolerance,strict_acyclic,integrality_focus,method,nodes_steiner,edges_steiner,cost_of_steiner_tree,cost_diff,time,time_diff
0,50,1500,3000,True,"5,0.1",1492.8753186496638,,0.001,,,nx,221,220,78.31439137438971,19.617376091355986,0.03787994384765625,-600.7161588668823
0,50,1500,3000,True,"5,0.1",1492.8753186496638,600.0,0.001,0.0,1.0,corneto,224,223,58.69701528303373,-19.617376091355986,600.75403881073,600.7161588668823
