seed,n_terminals,graph_nodes,graph_edges,is_scale_free,scale_free_params,total_weight,max_time,tolerance,strict_acyclic,integrality_focus,method,nodes_steiner,edges_steiner,cost_of_steiner_tree,cost_diff,time,time_diff
0,30,500,1000,True,"5,0.1",516.9063382672537,,0.001,,,nx,90,89,36.80000338150826,5.978941327240538,0.018873929977416992,-600.8463659286499
0,30,500,1000,True,"5,0.1",516.9063382672537,600.0,0.001,0.0,1.0,corneto,97,96,30.821062054267724,-5.978941327240538,600.8652398586273,600.8463659286499
