seed,n_terminals,graph_nodes,graph_edges,is_scale_free,scale_free_params,total_weight,max_time,tolerance,strict_acyclic,integrality_focus,method,nodes_steiner,edges_steiner,cost_of_steiner_tree,cost_diff,time,time_diff
0,40,1500,4491,False,"5,0.1",2236.7293810116294,,0.001,,,nx,106,105,22.30934021426082,3.552098640968083,0.09017348289489746,-1819.794831752777
0,40,1500,4491,False,"5,0.1",2236.7293810116294,7200.0,0.001,0.0,1.0,corneto,104,103,18.75724157329274,-3.552098640968083,1819.885005235672,1819.794831752777
