seed,n_terminals,graph_nodes,graph_edges,is_scale_free,scale_free_params,total_weight,max_time,tolerance,strict_acyclic,integrality_focus,method,nodes_steiner,edges_steiner,cost_of_steiner_tree,cost_diff,time,time_diff
0,40,1250,2496,False,"5,0.1",1242.4638225879603,,1e-05,,,nx,91,90,24.83385812897838,3.317911012329752,0.03727388381958008,-601.2078471183777
0,40,1250,2496,False,"5,0.1",1242.4638225879603,600.0,1e-05,0.0,1.0,corneto,103,102,21.51594711664863,-3.317911012329752,601.2451210021973,601.2078471183777
