seed,n_terminals,graph_nodes,graph_edges,is_scale_free,scale_free_params,total_weight,max_time,tolerance,strict_acyclic,integrality_focus,method,nodes_steiner,edges_steiner,cost_of_steiner_tree,cost_diff,time,time_diff
0,40,750,1500,True,"5,0.1",762.8661057309208,,0.001,,,nx,149,148,59.14360090408991,11.972311365012445,0.03785371780395508,-7201.336912870407
0,40,750,1500,True,"5,0.1",762.8661057309208,7200.0,0.001,0.0,1.0,corneto,163,162,47.17128953907746,-11.972311365012445,7201.374766588211,7201.336912870407
