seed,n_terminals,graph_nodes,graph_edges,is_scale_free,scale_free_params,total_weight,max_time,tolerance,strict_acyclic,integrality_focus,method,nodes_steiner,edges_steiner,cost_of_steiner_tree,cost_diff,time,time_diff
0,30,1500,4491,False,"5,0.1",2236.7293810116294,,0.0001,,,nx,97,96,20.126825802645246,4.835114711863978,0.06160998344421387,-1132.059279203415
0,30,1500,4491,False,"5,0.1",2236.7293810116294,7200.0,0.0001,0.0,1.0,corneto,87,86,15.291711090781268,-4.835114711863978,1132.1208891868591,1132.059279203415
