seed,n_terminals,graph_nodes,graph_edges,is_scale_free,scale_free_params,total_weight,max_time,tolerance,strict_acyclic,integrality_focus,method,nodes_steiner,edges_steiner,cost_of_steiner_tree,cost_diff,time,time_diff
0,20,1000,1996,False,"5,0.1",995.89397281123,,0.0001,,,nx,46,45,14.163275183502057,0.7075403809386547,0.025386810302734375,-336.3072452545166
0,20,1000,1996,False,"5,0.1",995.89397281123,600.0,0.0001,1.0,1.0,corneto,56,55,13.455734802563402,-0.7075403809386547,336.33263206481934,336.3072452545166
