seed,n_terminals,graph_nodes,graph_edges,is_scale_free,scale_free_params,total_weight,max_time,tolerance,strict_acyclic,integrality_focus,method,nodes_steiner,edges_steiner,cost_of_steiner_tree,cost_diff,time,time_diff
0,30,1000,1996,False,"5,0.1",995.89397281123,,0.0001,,,nx,69,68,18.780814674728166,2.2475911708113117,0.029038190841674805,-448.6938123703003
0,30,1000,1996,False,"5,0.1",995.89397281123,600.0,0.0001,1.0,1.0,corneto,76,75,16.533223503916854,-2.2475911708113117,448.72285056114197,448.6938123703003
