seed,n_terminals,graph_nodes,graph_edges,is_scale_free,scale_free_params,total_weight,max_time,tolerance,strict_acyclic,integrality_focus,method,nodes_steiner,edges_steiner,cost_of_steiner_tree,cost_diff,time,time_diff
0,20,500,996,False,"5,0.1",515.9000940215316,,0.0001,,,nx,42,41,16.94251292061526,2.5879895705336526,0.02794170379638672,-641.6892580986023
0,20,500,996,False,"5,0.1",515.9000940215316,7200.0,0.0001,0.0,1.0,corneto,48,47,14.354523350081609,-2.5879895705336526,641.7171998023987,641.6892580986023
