seed,n_terminals,graph_nodes,graph_edges,is_scale_free,scale_free_params,total_weight,max_time,tolerance,strict_acyclic,integrality_focus,method,nodes_steiner,edges_steiner,cost_of_steiner_tree,cost_diff,time,time_diff
0,40,1250,2500,True,"5,0.1",1244.2833853175189,,0.001,,,nx,175,174,61.77046280900755,10.809321141066967,0.03624367713928223,-601.0369141101837
0,40,1250,2500,True,"5,0.1",1244.2833853175189,600.0,0.001,0.0,1.0,corneto,166,165,50.96114166794058,-10.809321141066967,601.073157787323,601.0369141101837
