seed,n_terminals,graph_nodes,graph_edges,is_scale_free,scale_free_params,total_weight,max_time,tolerance,strict_acyclic,integrality_focus,method,nodes_steiner,edges_steiner,cost_of_steiner_tree,cost_diff,time,time_diff
0,50,750,1500,True,"5,0.1",762.8661057309208,,0.001,,,nx,162,161,57.01623966791674,6.057098808317058,0.022769689559936523,-600.8210625648499
0,50,750,1500,True,"5,0.1",762.8661057309208,600.0,0.001,0.0,1.0,corneto,161,160,50.959140859599685,-6.057098808317058,600.8438322544098,600.8210625648499
