seed,n_terminals,graph_nodes,graph_edges,is_scale_free,scale_free_params,total_weight,max_time,tolerance,strict_acyclic,integrality_focus,method,nodes_steiner,edges_steiner,cost_of_steiner_tree,cost_diff,time,time_diff
0,40,250,500,True,"5,0.1",265.3799877305477,,1e-05,,,nx,89,88,36.02764834882578,4.8960767347343115,0.011348247528076172,-7203.685552597046
0,40,250,500,True,"5,0.1",265.3799877305477,7200.0,1e-05,0.0,1.0,corneto,91,90,31.131571614091467,-4.8960767347343115,7203.696900844574,7203.685552597046
