seed,n_terminals,graph_nodes,graph_edges,is_scale_free,scale_free_params,total_weight,max_time,tolerance,strict_acyclic,integrality_focus,method,nodes_steiner,edges_steiner,cost_of_steiner_tree,cost_diff,time,time_diff
0,30,500,1000,True,"5,0.1",516.9063382672537,,0.0001,,,nx,90,89,36.80000338150826,6.447919607488323,0.027456998825073242,-674.191201210022
0,30,500,1000,True,"5,0.1",516.9063382672537,7200.0,0.0001,1.0,1.0,corneto,99,98,30.35208377401994,-6.447919607488323,674.218658208847,674.191201210022
