seed,n_terminals,graph_nodes,graph_edges,is_scale_free,scale_free_params,total_weight,max_time,tolerance,strict_acyclic,integrality_focus,method,nodes_steiner,edges_steiner,cost_of_steiner_tree,cost_diff,time,time_diff
0,50,500,1000,True,"5,0.1",516.9063382672537,,1e-05,,,nx,140,139,59.34656079702714,13.461540260653528,0.01857137680053711,-550.2455985546112
0,50,500,1000,True,"5,0.1",516.9063382672537,7200.0,1e-05,1.0,1.0,corneto,146,145,45.88502053637361,-13.461540260653528,550.2641699314117,550.2455985546112
