seed,n_terminals,graph_nodes,graph_edges,is_scale_free,scale_free_params,total_weight,max_time,tolerance,strict_acyclic,integrality_focus,method,nodes_steiner,edges_steiner,cost_of_steiner_tree,cost_diff,time,time_diff
0,50,250,500,True,"5,0.1",265.3799877305477,,0.001,,,nx,94,93,36.928075384504254,5.383322570274068,0.021331787109375,-293.4542622566223
0,50,250,500,True,"5,0.1",265.3799877305477,600.0,0.001,1.0,1.0,corneto,99,98,31.544752814230186,-5.383322570274068,293.4755940437317,293.4542622566223
