seed,n_terminals,graph_nodes,graph_edges,is_scale_free,scale_free_params,total_weight,max_time,tolerance,strict_acyclic,integrality_focus,method,nodes_steiner,edges_steiner,cost_of_steiner_tree,cost_diff,time,time_diff
0,10,500,1491,False,"5,0.1",757.327884912671,,1e-05,,,nx,25,24,4.232595444567343,0.15723637535153756,0.028063058853149414,-35.667651653289795
0,10,500,1491,False,"5,0.1",757.327884912671,7200.0,1e-05,1.0,1.0,corneto,25,24,4.075359069215805,-0.15723637535153756,35.695714712142944,35.667651653289795
