seed,n_terminals,graph_nodes,graph_edges,is_scale_free,scale_free_params,total_weight,max_time,tolerance,strict_acyclic,integrality_focus,method,nodes_steiner,edges_steiner,cost_of_steiner_tree,cost_diff,time,time_diff
0,40,1500,2996,False,"5,0.1",1491.564085781832,,1e-05,,,nx,97,96,27.61418022989905,7.1901771286942235,0.05392909049987793,-2741.795628786087
0,40,1500,2996,False,"5,0.1",1491.564085781832,7200.0,1e-05,0.0,1.0,corneto,102,101,20.424003101204825,-7.1901771286942235,2741.849557876587,2741.795628786087
