seed,n_terminals,graph_nodes,graph_edges,is_scale_free,scale_free_params,total_weight,max_time,tolerance,strict_acyclic,integrality_focus,method,nodes_steiner,edges_steiner,cost_of_steiner_tree,cost_diff,time,time_diff
0,40,1500,3000,True,"5,0.1",1492.8753186496638,,0.0001,,,nx,169,168,64.57331221588326,10.465248004012096,0.04337596893310547,-7200.948906421661
0,40,1500,3000,True,"5,0.1",1492.8753186496638,7200.0,0.0001,0.0,1.0,corneto,169,168,54.10806421187117,-10.465248004012096,7200.9922823905945,7200.948906421661
