seed,n_terminals,graph_nodes,graph_edges,is_scale_free,scale_free_params,total_weight,max_time,tolerance,strict_acyclic,integrality_focus,method,nodes_steiner,edges_steiner,cost_of_steiner_tree,cost_diff,time,time_diff
0,50,500,1000,True,"5,0.1",516.9063382672537,,0.001,,,nx,140,139,59.34656079702714,12.811752093772974,0.030845165252685547,-601.7269036769867
0,50,500,1000,True,"5,0.1",516.9063382672537,600.0,0.001,1.0,1.0,corneto,140,139,46.534808703254164,-12.811752093772974,601.7577488422394,601.7269036769867
