seed,n_terminals,graph_nodes,graph_edges,is_scale_free,scale_free_params,total_weight,max_time,tolerance,strict_acyclic,integrality_focus,method,nodes_steiner,edges_steiner,cost_of_steiner_tree,cost_diff,time,time_diff
0,40,1250,2496,False,"5,0.1",1242.4638225879603,,0.0001,,,nx,91,90,24.83385812897838,3.317911012329752,0.03913426399230957,-507.35378551483154
0,40,1250,2496,False,"5,0.1",1242.4638225879603,7200.0,0.0001,1.0,1.0,corneto,103,102,21.51594711664863,-3.317911012329752,507.39291977882385,507.35378551483154
