seed,n_terminals,graph_nodes,graph_edges,is_scale_free,scale_free_params,total_weight,max_time,tolerance,strict_acyclic,integrality_focus,method,nodes_steiner,edges_steiner,cost_of_steiner_tree,cost_diff,time,time_diff
0,20,1500,2996,False,"5,0.1",1491.564085781832,,0.001,,,nx,50,49,15.808633243429647,2.5685916385332774,0.061164140701293945,-455.8644757270813
0,20,1500,2996,False,"5,0.1",1491.564085781832,600.0,0.001,1.0,1.0,corneto,57,56,13.24004160489637,-2.5685916385332774,455.9256398677826,455.8644757270813
