seed,n_terminals,graph_nodes,graph_edges,is_scale_free,scale_free_params,total_weight,max_time,tolerance,strict_acyclic,integrality_focus,method,nodes_steiner,edges_steiner,cost_of_steiner_tree,cost_diff,time,time_diff
0,30,1250,2500,True,"5,0.1",1244.2833853175189,,0.0001,,,nx,147,146,56.638619074097846,10.373463648286638,0.03193163871765137,-601.0176224708557
0,30,1250,2500,True,"5,0.1",1244.2833853175189,600.0,0.0001,0.0,1.0,corneto,154,153,46.26515542581121,-10.373463648286638,601.0495541095734,601.0176224708557
