seed,n_terminals,graph_nodes,graph_edges,is_scale_free,scale_free_params,total_weight,max_time,tolerance,strict_acyclic,integrality_focus,method,nodes_steiner,edges_steiner,cost_of_steiner_tree,cost_diff,time,time_diff
0,10,1500,3000,True,"5,0.1",1492.8753186496638,,1e-05,,,nx,59,58,20.798653568604834,2.7692800986005714,0.031600236892700195,-601.4292690753937
0,10,1500,3000,True,"5,0.1",1492.8753186496638,600.0,1e-05,0.0,1.0,corneto,54,53,18.029373470004263,-2.7692800986005714,601.4608693122864,601.4292690753937
