seed,n_terminals,graph_nodes,graph_edges,is_scale_free,scale_free_params,total_weight,max_time,tolerance,strict_acyclic,integrality_focus,method,nodes_steiner,edges_steiner,cost_of_steiner_tree,cost_diff,time,time_diff
0,40,500,1000,True,"5,0.1",516.9063382672537,,1e-05,,,nx,107,106,42.33499224961021,5.103635033342627,0.028313875198364258,-3772.9018878936768
0,40,500,1000,True,"5,0.1",516.9063382672537,7200.0,1e-05,1.0,1.0,corneto,118,117,37.23135721626758,-5.103635033342627,3772.930201768875,3772.9018878936768
