seed,n_terminals,graph_nodes,graph_edges,is_scale_free,scale_free_params,total_weight,max_time,tolerance,strict_acyclic,integrality_focus,method,nodes_steiner,edges_steiner,cost_of_steiner_tree,cost_diff,time,time_diff
0,50,1500,3000,True,"5,0.1",1492.8753186496638,,0.001,,,nx,221,220,78.31439137438971,20.029590699670287,0.07122206687927246,-7201.4256184101105
0,50,1500,3000,True,"5,0.1",1492.8753186496638,7200.0,0.001,0.0,1.0,corneto,222,221,58.28480067471943,-20.029590699670287,7201.49684047699,7201.4256184101105
