seed,n_terminals,graph_nodes,graph_edges,is_scale_free,scale_free_params,total_weight,max_time,tolerance,strict_acyclic,integrality_focus,method,nodes_steiner,edges_steiner,cost_of_steiner_tree,cost_diff,time,time_diff
0,10,1000,2000,True,"5,0.1",997.8282912803365,,0.001,,,nx,62,61,19.412426833980575,1.6631114207775823,0.03579974174499512,-7201.086583137512
0,10,1000,2000,True,"5,0.1",997.8282912803365,7200.0,0.001,0.0,1.0,corneto,68,68,17.749315413202993,-1.6631114207775823,7201.122382879257,7201.086583137512
