seed,n_terminals,graph_nodes,graph_edges,is_scale_free,scale_free_params,total_weight,max_time,tolerance,strict_acyclic,integrality_focus,method,nodes_steiner,edges_steiner,cost_of_steiner_tree,cost_diff,time,time_diff
0,10,1000,2000,True,"5,0.1",997.8282912803365,,1e-05,,,nx,62,61,19.412426833980575,3.742929166809782,0.03652667999267578,-602.1220800876617
0,10,1000,2000,True,"5,0.1",997.8282912803365,600.0,1e-05,1.0,1.0,corneto,66,65,15.669497667170793,-3.742929166809782,602.1586067676544,602.1220800876617
