seed,n_terminals,graph_nodes,graph_edges,is_scale_free,scale_free_params,total_weight,max_time,tolerance,strict_acyclic,integrality_focus,method,nodes_steiner,edges_steiner,cost_of_steiner_tree,cost_diff,time,time_diff
0,20,250,741,False,"5,0.1",384.8606265083903,,0.0001,,,nx,48,47,8.112011776121262,1.0786673546193102,0.013398408889770508,-30.441450357437134
0,20,250,741,False,"5,0.1",384.8606265083903,7200.0,0.0001,0.0,1.0,corneto,52,51,7.033344421501952,-1.0786673546193102,30.454848766326904,30.441450357437134
