seed,n_terminals,graph_nodes,graph_edges,is_scale_free,scale_free_params,total_weight,max_time,tolerance,strict_acyclic,integrality_focus,method,nodes_steiner,edges_steiner,cost_of_steiner_tree,cost_diff,time,time_diff
0,30,250,496,False,"5,0.1",262.5574049545011,,0.0001,,,nx,54,53,19.229706253812918,2.348705609582332,0.01111149787902832,-52.32924699783325
0,30,250,496,False,"5,0.1",262.5574049545011,600.0,0.0001,1.0,1.0,corneto,66,65,16.881000644230586,-2.348705609582332,52.34035849571228,52.32924699783325
