seed,n_terminals,graph_nodes,graph_edges,is_scale_free,scale_free_params,total_weight,max_time,tolerance,strict_acyclic,integrality_focus,method,nodes_steiner,edges_steiner,cost_of_steiner_tree,cost_diff,time,time_diff
0,10,1500,3000,True,"5,0.1",1492.8753186496638,,1e-05,,,nx,59,58,20.798653568604834,3.0661358517145842,0.05265188217163086,-4354.21164894104
0,10,1500,3000,True,"5,0.1",1492.8753186496638,7200.0,1e-05,1.0,1.0,corneto,54,53,17.73251771689025,-3.0661358517145842,4354.264300823212,4354.21164894104
