seed,n_terminals,graph_nodes,graph_edges,is_scale_free,scale_free_params,total_weight,max_time,tolerance,strict_acyclic,integrality_focus,method,nodes_steiner,edges_steiner,cost_of_steiner_tree,cost_diff,time,time_diff
0,30,1000,2000,True,"5,0.1",997.8282912803365,,1e-05,,,nx,130,129,43.68777323768125,7.920341795046433,0.025168657302856445,-7201.077414274216
0,30,1000,2000,True,"5,0.1",997.8282912803365,7200.0,1e-05,0.0,1.0,corneto,118,117,35.767431442634816,-7.920341795046433,7201.102582931519,7201.077414274216
