seed,n_terminals,graph_nodes,graph_edges,is_scale_free,scale_free_params,total_weight,max_time,tolerance,strict_acyclic,integrality_focus,method,nodes_steiner,edges_steiner,cost_of_steiner_tree,cost_diff,time,time_diff
0,20,1000,1996,False,"5,0.1",995.89397281123,,0.001,,,nx,46,45,14.163275183502057,0.7075403809386547,0.025783538818359375,-172.9649305343628
0,20,1000,1996,False,"5,0.1",995.89397281123,600.0,0.001,1.0,1.0,corneto,56,55,13.455734802563402,-0.7075403809386547,172.99071407318115,172.9649305343628
