seed,n_terminals,graph_nodes,graph_edges,is_scale_free,scale_free_params,total_weight,max_time,tolerance,strict_acyclic,integrality_focus,method,nodes_steiner,edges_steiner,cost_of_steiner_tree,cost_diff,time,time_diff
0,20,1000,2991,False,"5,0.1",1489.3341465008364,,0.001,,,nx,48,47,8.967135573296327,1.0949324991210876,0.04076504707336426,-4629.823976516724
0,20,1000,2991,False,"5,0.1",1489.3341465008364,7200.0,0.001,0.0,1.0,corneto,56,55,7.872203074175239,-1.0949324991210876,4629.864741563797,4629.823976516724
