seed,n_terminals,graph_nodes,graph_edges,is_scale_free,scale_free_params,total_weight,max_time,tolerance,strict_acyclic,integrality_focus,method,nodes_steiner,edges_steiner,cost_of_steiner_tree,cost_diff,time,time_diff
0,20,1500,2996,False,"5,0.1",1491.564085781832,,1e-05,,,nx,50,49,15.808633243429647,2.5685916385332774,0.0347445011138916,-112.35243701934814
0,20,1500,2996,False,"5,0.1",1491.564085781832,7200.0,1e-05,1.0,1.0,corneto,57,56,13.24004160489637,-2.5685916385332774,112.38718152046204,112.35243701934814
