seed,n_terminals,graph_nodes,graph_edges,is_scale_free,scale_free_params,total_weight,max_time,tolerance,strict_acyclic,integrality_focus,method,nodes_steiner,edges_steiner,cost_of_steiner_tree,cost_diff,time,time_diff
0,40,250,500,True,"5,0.1",265.3799877305477,,1e-05,,,nx,89,88,36.02764834882578,4.938563017673086,0.011075735092163086,-463.42109084129333
0,40,250,500,True,"5,0.1",265.3799877305477,7200.0,1e-05,1.0,1.0,corneto,88,87,31.089085331152692,-4.938563017673086,463.4321665763855,463.42109084129333
