seed,n_terminals,graph_nodes,graph_edges,is_scale_free,scale_free_params,total_weight,max_time,tolerance,strict_acyclic,integrality_focus,method,nodes_steiner,edges_steiner,cost_of_steiner_tree,cost_diff,time,time_diff
0,10,750,1500,True,"5,0.1",762.8661057309208,,0.0001,,,nx,48,47,20.080491389235974,3.078035925784807,0.021880149841308594,-600.9228482246399
0,10,750,1500,True,"5,0.1",762.8661057309208,600.0,0.0001,1.0,1.0,corneto,53,52,17.002455463451167,-3.078035925784807,600.9447283744812,600.9228482246399
