seed,n_terminals,graph_nodes,graph_edges,is_scale_free,scale_free_params,total_weight,max_time,tolerance,strict_acyclic,integrality_focus,method,nodes_steiner,edges_steiner,cost_of_steiner_tree,cost_diff,time,time_diff
0,50,1500,3000,True,"5,0.1",1492.8753186496638,,0.0001,,,nx,221,220,78.31439137438971,17.93466471764208,0.03804922103881836,-601.2413692474365
0,50,1500,3000,True,"5,0.1",1492.8753186496638,600.0,0.0001,1.0,1.0,corneto,223,222,60.379726656747636,-17.93466471764208,601.2794184684753,601.2413692474365
