seed,n_terminals,graph_nodes,graph_edges,is_scale_free,scale_free_params,total_weight,max_time,tolerance,strict_acyclic,integrality_focus,method,nodes_steiner,edges_steiner,cost_of_steiner_tree,cost_diff,time,time_diff
0,50,1000,1996,False,"5,0.1",995.89397281123,,0.0001,,,nx,103,102,29.487309971516396,3.9148328383061575,0.04574871063232422,-526.529373884201
0,50,1000,1996,False,"5,0.1",995.89397281123,7200.0,0.0001,1.0,1.0,corneto,110,109,25.57247713321024,-3.9148328383061575,526.5751225948334,526.529373884201
