seed,n_terminals,graph_nodes,graph_edges,is_scale_free,scale_free_params,total_weight,max_time,tolerance,strict_acyclic,integrality_focus,method,nodes_steiner,edges_steiner,cost_of_steiner_tree,cost_diff,time,time_diff
0,30,1250,2500,True,"5,0.1",1244.2833853175189,,1e-05,,,nx,147,146,56.638619074097846,13.562144698225254,0.03176283836364746,-7201.313448905945
0,30,1250,2500,True,"5,0.1",1244.2833853175189,7200.0,1e-05,1.0,1.0,corneto,150,149,43.07647437587259,-13.562144698225254,7201.3452117443085,7201.313448905945
