seed,n_terminals,graph_nodes,graph_edges,is_scale_free,scale_free_params,total_weight,max_time,tolerance,strict_acyclic,integrality_focus,method,nodes_steiner,edges_steiner,cost_of_steiner_tree,cost_diff,time,time_diff
0,40,1250,2496,False,"5,0.1",1242.4638225879603,,0.0001,,,nx,91,90,24.83385812897838,3.317911012329752,0.03750729560852051,-86.42410087585449
0,40,1250,2496,False,"5,0.1",1242.4638225879603,600.0,0.0001,1.0,1.0,corneto,103,102,21.51594711664863,-3.317911012329752,86.46160817146301,86.42410087585449
