seed,n_terminals,graph_nodes,graph_edges,is_scale_free,scale_free_params,total_weight,max_time,tolerance,strict_acyclic,integrality_focus,method,nodes_steiner,edges_steiner,cost_of_steiner_tree,cost_diff,time,time_diff
0,50,500,1491,False,"5,0.1",757.327884912671,,1e-05,,,nx,97,96,22.376063626990224,4.598473376699108,0.03797578811645508,-384.8229024410248
0,50,500,1491,False,"5,0.1",757.327884912671,7200.0,1e-05,1.0,1.0,corneto,101,100,17.777590250291116,-4.598473376699108,384.86087822914124,384.8229024410248
