seed,n_terminals,graph_nodes,graph_edges,is_scale_free,scale_free_params,total_weight,max_time,tolerance,strict_acyclic,integrality_focus,method,nodes_steiner,edges_steiner,cost_of_steiner_tree,cost_diff,time,time_diff
0,50,1250,2500,True,"5,0.1",1244.2833853175189,,0.001,,,nx,171,170,64.71059031116141,5.159681968031599,0.058866262435913086,-602.1678721904755
0,50,1250,2500,True,"5,0.1",1244.2833853175189,600.0,0.001,1.0,1.0,corneto,177,176,59.55090834312981,-5.159681968031599,602.2267384529114,602.1678721904755
