seed,n_terminals,graph_nodes,graph_edges,is_scale_free,scale_free_params,total_weight,max_time,tolerance,strict_acyclic,integrality_focus,method,nodes_steiner,edges_steiner,cost_of_steiner_tree,cost_diff,time,time_diff
0,50,1500,2996,False,"5,0.1",1491.564085781832,,0.001,,,nx,119,118,36.019443974074115,7.956689336730225,0.046463727951049805,-1097.3156921863556
0,50,1500,2996,False,"5,0.1",1491.564085781832,7200.0,0.001,0.0,1.0,corneto,120,119,28.06275463734389,-7.956689336730225,1097.3621559143066,1097.3156921863556
