seed,n_terminals,graph_nodes,graph_edges,is_scale_free,scale_free_params,total_weight,max_time,tolerance,strict_acyclic,integrality_focus,method,nodes_steiner,edges_steiner,cost_of_steiner_tree,cost_diff,time,time_diff
0,50,500,1000,True,"5,0.1",516.9063382672537,,0.001,,,nx,140,139,59.34656079702714,12.393759201068669,0.05848336219787598,-600.5194964408875
0,50,500,1000,True,"5,0.1",516.9063382672537,600.0,0.001,0.0,1.0,corneto,144,143,46.95280159595847,-12.393759201068669,600.5779798030853,600.5194964408875
