seed,n_terminals,graph_nodes,graph_edges,is_scale_free,scale_free_params,total_weight,max_time,tolerance,strict_acyclic,integrality_focus,method,nodes_steiner,edges_steiner,cost_of_steiner_tree,cost_diff,time,time_diff
0,30,750,2241,False,"5,0.1",1111.1886305508265,,0.001,,,nx,69,68,14.43135496285725,2.410403430066662,0.06059718132019043,-666.6771233081818
0,30,750,2241,False,"5,0.1",1111.1886305508265,7200.0,0.001,1.0,1.0,corneto,74,73,12.020951532790589,-2.410403430066662,666.737720489502,666.6771233081818
