seed,n_terminals,graph_nodes,graph_edges,is_scale_free,scale_free_params,total_weight,max_time,tolerance,strict_acyclic,integrality_focus,method,nodes_steiner,edges_steiner,cost_of_steiner_tree,cost_diff,time,time_diff
0,20,1250,3741,False,"5,0.1",1855.7816953520746,,1e-05,,,nx,47,46,9.635607609079512,1.3144863037052819,0.045000314712524414,-1338.6496992111206
0,20,1250,3741,False,"5,0.1",1855.7816953520746,7200.0,1e-05,1.0,1.0,corneto,56,55,8.32112130537423,-1.3144863037052819,1338.6946995258331,1338.6496992111206
