seed,n_terminals,graph_nodes,graph_edges,is_scale_free,scale_free_params,total_weight,max_time,tolerance,strict_acyclic,integrality_focus,method,nodes_steiner,edges_steiner,cost_of_steiner_tree,cost_diff,time,time_diff
0,30,750,1500,True,"5,0.1",762.8661057309208,,1e-05,,,nx,124,123,47.34516853273588,9.41207953120378,0.021703004837036133,-600.8337943553925
0,30,750,1500,True,"5,0.1",762.8661057309208,600.0,1e-05,0.0,1.0,corneto,132,131,37.9330890015321,-9.41207953120378,600.8554973602295,600.8337943553925
