seed,n_terminals,graph_nodes,graph_edges,is_scale_free,scale_free_params,total_weight,max_time,tolerance,strict_acyclic,integrality_focus,method,nodes_steiner,edges_steiner,cost_of_steiner_tree,cost_diff,time,time_diff
0,40,1250,2500,True,"5,0.1",1244.2833853175189,,1e-05,,,nx,175,174,61.77046280900755,11.822773729404247,0.06776213645935059,-7200.97687792778
0,40,1250,2500,True,"5,0.1",1244.2833853175189,7200.0,1e-05,0.0,1.0,corneto,171,170,49.9476890796033,-11.822773729404247,7201.0446400642395,7200.97687792778
