seed,n_terminals,graph_nodes,graph_edges,is_scale_free,scale_free_params,total_weight,max_time,tolerance,strict_acyclic,integrality_focus,method,nodes_steiner,edges_steiner,cost_of_steiner_tree,cost_diff,time,time_diff
0,30,1250,2500,True,"5,0.1",1244.2833853175189,,1e-05,,,nx,147,146,56.638619074097846,13.078242870372478,0.03132128715515137,-7201.241896390915
0,30,1250,2500,True,"5,0.1",1244.2833853175189,7200.0,1e-05,0.0,1.0,corneto,166,165,43.56037620372537,-13.078242870372478,7201.27321767807,7201.241896390915
