seed,n_terminals,graph_nodes,graph_edges,is_scale_free,scale_free_params,total_weight,max_time,tolerance,strict_acyclic,integrality_focus,method,nodes_steiner,edges_steiner,cost_of_steiner_tree,cost_diff,time,time_diff
0,40,1000,2991,False,"5,0.1",1489.3341465008364,,0.001,,,nx,86,85,18.075583364619977,2.839120576173901,0.05112123489379883,-5143.217512130737
0,40,1000,2991,False,"5,0.1",1489.3341465008364,7200.0,0.001,0.0,1.0,corneto,99,98,15.236462788446076,-2.839120576173901,5143.268633365631,5143.217512130737
