seed,n_terminals,graph_nodes,graph_edges,is_scale_free,scale_free_params,total_weight,max_time,tolerance,strict_acyclic,integrality_focus,method,nodes_steiner,edges_steiner,cost_of_steiner_tree,cost_diff,time,time_diff
0,50,1250,3741,False,"5,0.1",1855.7816953520746,,0.001,,,nx,118,117,25.994562154078587,5.379708295810282,0.06641030311584473,-512.0963761806488
0,50,1250,3741,False,"5,0.1",1855.7816953520746,7200.0,0.001,1.0,1.0,corneto,120,119,20.614853858268305,-5.379708295810282,512.1627864837646,512.0963761806488
