seed,n_terminals,graph_nodes,graph_edges,is_scale_free,scale_free_params,total_weight,max_time,tolerance,strict_acyclic,integrality_focus,method,nodes_steiner,edges_steiner,cost_of_steiner_tree,cost_diff,time,time_diff
0,50,1000,2991,False,"5,0.1",1489.3341465008364,,0.0001,,,nx,100,99,23.949971468537818,4.82027194035275,0.06265044212341309,-4429.512597799301
0,50,1000,2991,False,"5,0.1",1489.3341465008364,7200.0,0.0001,0.0,1.0,corneto,115,114,19.129699528185068,-4.82027194035275,4429.575248241425,4429.512597799301
