seed,n_terminals,graph_nodes,graph_edges,is_scale_free,scale_free_params,total_weight,max_time,tolerance,strict_acyclic,integrality_focus,method,nodes_steiner,edges_steiner,cost_of_steiner_tree,cost_diff,time,time_diff
0,20,1000,2000,True,"5,0.1",997.8282912803365,,1e-05,,,nx,98,97,31.700616491425837,4.185578651516625,0.023383617401123047,-601.6767385005951
0,20,1000,2000,True,"5,0.1",997.8282912803365,600.0,1e-05,0.0,1.0,corneto,97,96,27.515037839909212,-4.185578651516625,601.7001221179962,601.6767385005951
