seed,n_terminals,graph_nodes,graph_edges,is_scale_free,scale_free_params,total_weight,max_time,tolerance,strict_acyclic,integrality_focus,method,nodes_steiner,edges_steiner,cost_of_steiner_tree,cost_diff,time,time_diff
0,40,750,1500,True,"5,0.1",762.8661057309208,,0.001,,,nx,149,148,59.14360090408991,12.252130463769781,0.02479386329650879,-6542.315695762634
0,40,750,1500,True,"5,0.1",762.8661057309208,7200.0,0.001,1.0,1.0,corneto,155,154,46.89147044032013,-12.252130463769781,6542.340489625931,6542.315695762634
