seed,n_terminals,graph_nodes,graph_edges,is_scale_free,scale_free_params,total_weight,max_time,tolerance,strict_acyclic,integrality_focus,method,nodes_steiner,edges_steiner,cost_of_steiner_tree,cost_diff,time,time_diff
0,40,1250,2500,True,"5,0.1",1244.2833853175189,,0.001,,,nx,175,174,61.77046280900755,12.035805430381465,0.05648684501647949,-7201.557348012924
0,40,1250,2500,True,"5,0.1",1244.2833853175189,7200.0,0.001,1.0,1.0,corneto,175,174,49.73465737862608,-12.035805430381465,7201.613834857941,7201.557348012924
