seed,n_terminals,graph_nodes,graph_edges,is_scale_free,scale_free_params,total_weight,max_time,tolerance,strict_acyclic,integrality_focus,method,nodes_steiner,edges_steiner,cost_of_steiner_tree,cost_diff,time,time_diff
0,50,1500,3000,True,"5,0.1",1492.8753186496638,,0.0001,,,nx,221,220,78.31439137438971,19.942414947315577,0.04111909866333008,-771.4845666885376
0,50,1500,3000,True,"5,0.1",1492.8753186496638,7200.0,0.0001,1.0,1.0,corneto,219,218,58.37197642707414,-19.942414947315577,771.5256857872009,771.4845666885376
