seed,n_terminals,graph_nodes,graph_edges,is_scale_free,scale_free_params,total_weight,max_time,tolerance,strict_acyclic,integrality_focus,method,nodes_steiner,edges_steiner,cost_of_steiner_tree,cost_diff,time,time_diff
0,40,750,1496,False,"5,0.1",760.102371732413,,0.001,,,nx,81,80,22.720377658471858,3.9309588401240916,0.026666641235351562,-265.93955969810486
0,40,750,1496,False,"5,0.1",760.102371732413,7200.0,0.001,1.0,1.0,corneto,83,82,18.789418818347766,-3.9309588401240916,265.9662263393402,265.93955969810486
