seed,n_terminals,graph_nodes,graph_edges,is_scale_free,scale_free_params,total_weight,max_time,tolerance,strict_acyclic,integrality_focus,method,nodes_steiner,edges_steiner,cost_of_steiner_tree,cost_diff,time,time_diff
0,40,250,500,True,"5,0.1",265.3799877305477,,0.0001,,,nx,89,88,36.02764834882578,4.8960767347343115,0.020038366317749023,-5157.255585670471
0,40,250,500,True,"5,0.1",265.3799877305477,7200.0,0.0001,0.0,1.0,corneto,91,90,31.131571614091467,-4.8960767347343115,5157.275624036789,5157.255585670471
