seed,n_terminals,graph_nodes,graph_edges,is_scale_free,scale_free_params,total_weight,max_time,tolerance,strict_acyclic,integrality_focus,method,nodes_steiner,edges_steiner,cost_of_steiner_tree,cost_diff,time,time_diff
0,40,500,1000,True,"5,0.1",516.9063382672537,,1e-05,,,nx,107,106,42.33499224961021,5.067023025303165,0.02929520606994629,-601.2831156253815
0,40,500,1000,True,"5,0.1",516.9063382672537,600.0,1e-05,1.0,1.0,corneto,117,116,37.267969224307045,-5.067023025303165,601.3124108314514,601.2831156253815
