seed,n_terminals,graph_nodes,graph_edges,is_scale_free,scale_free_params,total_weight,max_time,tolerance,strict_acyclic,integrality_focus,method,nodes_steiner,edges_steiner,cost_of_steiner_tree,cost_diff,time,time_diff
0,20,750,1500,True,"5,0.1",762.8661057309208,,0.001,,,nx,90,89,31.73932165907999,4.15206369279197,0.01947617530822754,-601.802417755127
0,20,750,1500,True,"5,0.1",762.8661057309208,600.0,0.001,0.0,1.0,corneto,86,85,27.58725796628802,-4.15206369279197,601.8218939304352,601.802417755127
