seed,n_terminals,graph_nodes,graph_edges,is_scale_free,scale_free_params,total_weight,max_time,tolerance,strict_acyclic,integrality_focus,method,nodes_steiner,edges_steiner,cost_of_steiner_tree,cost_diff,time,time_diff
0,50,500,1491,False,"5,0.1",757.327884912671,,0.001,,,nx,97,96,22.376063626990224,4.598473376699108,0.037241458892822266,-372.6805577278137
0,50,500,1491,False,"5,0.1",757.327884912671,7200.0,0.001,1.0,1.0,corneto,101,100,17.777590250291116,-4.598473376699108,372.71779918670654,372.6805577278137
