seed,n_terminals,graph_nodes,graph_edges,is_scale_free,scale_free_params,total_weight,max_time,tolerance,strict_acyclic,integrality_focus,method,nodes_steiner,edges_steiner,cost_of_steiner_tree,cost_diff,time,time_diff
0,30,250,741,False,"5,0.1",384.8606265083903,,0.0001,,,nx,56,55,12.652975055765424,2.9230542746814105,0.01656055450439453,-20.045881986618042
0,30,250,741,False,"5,0.1",384.8606265083903,7200.0,0.0001,1.0,1.0,corneto,59,58,9.729920781084013,-2.9230542746814105,20.062442541122437,20.045881986618042
