seed,n_terminals,graph_nodes,graph_edges,is_scale_free,scale_free_params,total_weight,max_time,tolerance,strict_acyclic,integrality_focus,method,nodes_steiner,edges_steiner,cost_of_steiner_tree,cost_diff,time,time_diff
0,20,500,1491,False,"5,0.1",757.327884912671,,1e-05,,,nx,43,42,8.970900958765249,0.5839564862829789,0.021207332611083984,-117.33963680267334
0,20,500,1491,False,"5,0.1",757.327884912671,7200.0,1e-05,0.0,1.0,corneto,44,43,8.38694447248227,-0.5839564862829789,117.36084413528442,117.33963680267334
