seed,n_terminals,graph_nodes,graph_edges,is_scale_free,scale_free_params,total_weight,max_time,tolerance,strict_acyclic,integrality_focus,method,nodes_steiner,edges_steiner,cost_of_steiner_tree,cost_diff,time,time_diff
0,50,1500,3000,True,"5,0.1",1492.8753186496638,,1e-05,,,nx,221,220,78.31439137438971,20.029590699670287,0.04418325424194336,-7201.3611896038055
0,50,1500,3000,True,"5,0.1",1492.8753186496638,7200.0,1e-05,0.0,1.0,corneto,222,221,58.28480067471943,-20.029590699670287,7201.4053728580475,7201.3611896038055
