seed,n_terminals,graph_nodes,graph_edges,is_scale_free,scale_free_params,total_weight,max_time,tolerance,strict_acyclic,integrality_focus,method,nodes_steiner,edges_steiner,cost_of_steiner_tree,cost_diff,time,time_diff
0,50,750,1500,True,"5,0.1",762.8661057309208,,0.0001,,,nx,162,161,57.01623966791674,6.238919785874273,0.023915529251098633,-7201.153561830521
0,50,750,1500,True,"5,0.1",762.8661057309208,7200.0,0.0001,0.0,1.0,corneto,163,162,50.77731988204247,-6.238919785874273,7201.177477359772,7201.153561830521
