seed,n_terminals,graph_nodes,graph_edges,is_scale_free,scale_free_params,total_weight,max_time,tolerance,strict_acyclic,integrality_focus,method,nodes_steiner,edges_steiner,cost_of_steiner_tree,cost_diff,time,time_diff
0,50,500,996,False,"5,0.1",515.9000940215316,,0.0001,,,nx,90,89,27.820856760306473,5.3999332480559765,0.022164583206176758,-600.3920154571533
0,50,500,996,False,"5,0.1",515.9000940215316,600.0,0.0001,0.0,1.0,corneto,99,98,22.420923512250496,-5.3999332480559765,600.4141800403595,600.3920154571533
