seed,n_terminals,graph_nodes,graph_edges,is_scale_free,scale_free_params,total_weight,max_time,tolerance,strict_acyclic,integrality_focus,method,nodes_steiner,edges_steiner,cost_of_steiner_tree,cost_diff,time,time_diff
0,50,1500,4491,False,"5,0.1",2236.7293810116294,,0.0001,,,nx,129,128,23.73541847889658,5.242669007820776,0.08539772033691406,-1959.5632729530334
0,50,1500,4491,False,"5,0.1",2236.7293810116294,7200.0,0.0001,0.0,1.0,corneto,126,125,18.492749471075804,-5.242669007820776,1959.6486706733704,1959.5632729530334
