seed,n_terminals,graph_nodes,graph_edges,is_scale_free,scale_free_params,total_weight,max_time,tolerance,strict_acyclic,integrality_focus,method,nodes_steiner,edges_steiner,cost_of_steiner_tree,cost_diff,time,time_diff
0,10,1000,1996,False,"5,0.1",995.89397281123,,1e-05,,,nx,26,25,6.190261097745376,0.41892308824999347,0.02254509925842285,-9.270545959472656
0,10,1000,1996,False,"5,0.1",995.89397281123,7200.0,1e-05,0.0,1.0,corneto,27,26,5.771338009495382,-0.41892308824999347,9.293091058731079,9.270545959472656
