seed,n_terminals,graph_nodes,graph_edges,is_scale_free,scale_free_params,total_weight,max_time,tolerance,strict_acyclic,integrality_focus,method,nodes_steiner,edges_steiner,cost_of_steiner_tree,cost_diff,time,time_diff
0,30,500,996,False,"5,0.1",515.9000940215316,,1e-05,,,nx,71,70,21.157604578634906,2.4050102612408217,0.02001166343688965,-48.07282042503357
0,30,500,996,False,"5,0.1",515.9000940215316,600.0,1e-05,1.0,1.0,corneto,65,64,18.752594317394085,-2.4050102612408217,48.09283208847046,48.07282042503357
