seed,n_terminals,graph_nodes,graph_edges,is_scale_free,scale_free_params,total_weight,max_time,tolerance,strict_acyclic,integrality_focus,method,nodes_steiner,edges_steiner,cost_of_steiner_tree,cost_diff,time,time_diff
0,40,1500,2996,False,"5,0.1",1491.564085781832,,0.0001,,,nx,97,96,27.61418022989905,7.1901771286942235,0.07961678504943848,-446.59617257118225
0,40,1500,2996,False,"5,0.1",1491.564085781832,7200.0,0.0001,1.0,1.0,corneto,102,101,20.424003101204825,-7.1901771286942235,446.6757893562317,446.59617257118225
