seed,n_terminals,graph_nodes,graph_edges,is_scale_free,scale_free_params,total_weight,max_time,tolerance,strict_acyclic,integrality_focus,method,nodes_steiner,edges_steiner,cost_of_steiner_tree,cost_diff,time,time_diff
0,30,750,1496,False,"5,0.1",760.102371732413,,1e-05,,,nx,75,74,20.608929278985112,2.297612276289982,0.046414852142333984,-287.24029517173767
0,30,750,1496,False,"5,0.1",760.102371732413,600.0,1e-05,1.0,1.0,corneto,71,70,18.31131700269513,-2.297612276289982,287.28671002388,287.24029517173767
