seed,n_terminals,graph_nodes,graph_edges,is_scale_free,scale_free_params,total_weight,max_time,tolerance,strict_acyclic,integrality_focus,method,nodes_steiner,edges_steiner,cost_of_steiner_tree,cost_diff,time,time_diff
0,30,750,1500,True,"5,0.1",762.8661057309208,,1e-05,,,nx,124,123,47.34516853273588,4.407896244390933,0.03117823600769043,-601.0744552612305
0,30,750,1500,True,"5,0.1",762.8661057309208,600.0,1e-05,1.0,1.0,corneto,136,135,42.93727228834495,-4.407896244390933,601.1056334972382,601.0744552612305
