seed,n_terminals,graph_nodes,graph_edges,is_scale_free,scale_free_params,total_weight,max_time,tolerance,strict_acyclic,integrality_focus,method,nodes_steiner,edges_steiner,cost_of_steiner_tree,cost_diff,time,time_diff
0,50,250,741,False,"5,0.1",384.8606265083903,,0.0001,,,nx,80,79,22.955759728515822,6.042257488379494,0.018752574920654297,-4618.494576454163
0,50,250,741,False,"5,0.1",384.8606265083903,7200.0,0.0001,0.0,1.0,corneto,87,86,16.913502240136328,-6.042257488379494,4618.513329029083,4618.494576454163
