seed,n_terminals,graph_nodes,graph_edges,is_scale_free,scale_free_params,total_weight,max_time,tolerance,strict_acyclic,integrality_focus,method,nodes_steiner,edges_steiner,cost_of_steiner_tree,cost_diff,time,time_diff
0,40,500,1000,True,"5,0.1",516.9063382672537,,1e-05,,,nx,107,106,42.33499224961021,5.103635033342627,0.030878305435180664,-600.5700018405914
0,40,500,1000,True,"5,0.1",516.9063382672537,600.0,1e-05,0.0,1.0,corneto,118,117,37.23135721626758,-5.103635033342627,600.6008801460266,600.5700018405914
