seed,n_terminals,graph_nodes,graph_edges,is_scale_free,scale_free_params,total_weight,max_time,tolerance,strict_acyclic,integrality_focus,method,nodes_steiner,edges_steiner,cost_of_steiner_tree,cost_diff,time,time_diff
0,10,1500,2996,False,"5,0.1",1491.564085781832,,0.001,,,nx,30,29,7.875513671696668,0.9181508961747209,0.05496621131896973,-104.37836909294128
0,10,1500,2996,False,"5,0.1",1491.564085781832,600.0,0.001,1.0,1.0,corneto,31,30,6.957362775521947,-0.9181508961747209,104.43333530426025,104.37836909294128
