seed,n_terminals,graph_nodes,graph_edges,is_scale_free,scale_free_params,total_weight,max_time,tolerance,strict_acyclic,integrality_focus,method,nodes_steiner,edges_steiner,cost_of_steiner_tree,cost_diff,time,time_diff
0,10,1000,1996,False,"5,0.1",995.89397281123,,0.0001,,,nx,26,25,6.190261097745376,0.41892308824999347,0.021840572357177734,-24.853153705596924
0,10,1000,1996,False,"5,0.1",995.89397281123,600.0,0.0001,1.0,1.0,corneto,27,26,5.771338009495382,-0.41892308824999347,24.8749942779541,24.853153705596924
