seed,n_terminals,graph_nodes,graph_edges,is_scale_free,scale_free_params,total_weight,max_time,tolerance,strict_acyclic,integrality_focus,method,nodes_steiner,edges_steiner,cost_of_steiner_tree,cost_diff,time,time_diff
0,50,1250,3741,False,"5,0.1",1855.7816953520746,,0.0001,,,nx,118,117,25.994562154078587,5.379708295810282,0.06850957870483398,-1683.2211747169495
0,50,1250,3741,False,"5,0.1",1855.7816953520746,7200.0,0.0001,0.0,1.0,corneto,120,119,20.614853858268305,-5.379708295810282,1683.2896842956543,1683.2211747169495
