seed,n_terminals,graph_nodes,graph_edges,is_scale_free,scale_free_params,total_weight,max_time,tolerance,strict_acyclic,integrality_focus,method,nodes_steiner,edges_steiner,cost_of_steiner_tree,cost_diff,time,time_diff
0,50,1000,2000,True,"5,0.1",997.8282912803365,,0.001,,,nx,172,171,64.61432275717647,8.263420105956435,0.039368629455566406,-602.1832890510559
0,50,1000,2000,True,"5,0.1",997.8282912803365,600.0,0.001,1.0,1.0,corneto,193,192,56.35090265122003,-8.263420105956435,602.2226576805115,602.1832890510559
