seed,n_terminals,graph_nodes,graph_edges,is_scale_free,scale_free_params,total_weight,max_time,tolerance,strict_acyclic,integrality_focus,method,nodes_steiner,edges_steiner,cost_of_steiner_tree,cost_diff,time,time_diff
0,50,750,1500,True,"5,0.1",762.8661057309208,,1e-05,,,nx,162,161,57.01623966791674,6.615466004038865,0.022607803344726562,-7201.211843013763
0,50,750,1500,True,"5,0.1",762.8661057309208,7200.0,1e-05,1.0,1.0,corneto,157,156,50.40077366387788,-6.615466004038865,7201.234450817108,7201.211843013763
