seed,n_terminals,graph_nodes,graph_edges,is_scale_free,scale_free_params,total_weight,max_time,tolerance,strict_acyclic,integrality_focus,method,nodes_steiner,edges_steiner,cost_of_steiner_tree,cost_diff,time,time_diff
0,50,750,1500,True,"5,0.1",762.8661057309208,,0.001,,,nx,162,161,57.01623966791674,1.8638542592993446,0.03029656410217285,-602.2609090805054
0,50,750,1500,True,"5,0.1",762.8661057309208,600.0,0.001,1.0,1.0,corneto,170,169,55.1523854086174,-1.8638542592993446,602.2912056446075,602.2609090805054
