seed,n_terminals,graph_nodes,graph_edges,is_scale_free,scale_free_params,total_weight,max_time,tolerance,strict_acyclic,integrality_focus,method,nodes_steiner,edges_steiner,cost_of_steiner_tree,cost_diff,time,time_diff
0,40,250,496,False,"5,0.1",262.5574049545011,,0.0001,,,nx,66,65,26.208062596215093,4.201310317297288,0.013042926788330078,-600.4019854068756
0,40,250,496,False,"5,0.1",262.5574049545011,600.0,0.0001,0.0,1.0,corneto,70,69,22.006752278917805,-4.201310317297288,600.4150283336639,600.4019854068756
