seed,n_terminals,graph_nodes,graph_edges,is_scale_free,scale_free_params,total_weight,max_time,tolerance,strict_acyclic,integrality_focus,method,nodes_steiner,edges_steiner,cost_of_steiner_tree,cost_diff,time,time_diff
0,10,1000,1996,False,"5,0.1",995.89397281123,,0.001,,,nx,26,25,6.190261097745376,0.41892308824999347,0.03853201866149902,-37.77367448806763
0,10,1000,1996,False,"5,0.1",995.89397281123,7200.0,0.001,1.0,1.0,corneto,27,26,5.771338009495382,-0.41892308824999347,37.812206506729126,37.77367448806763
