seed,n_terminals,graph_nodes,graph_edges,is_scale_free,scale_free_params,total_weight,max_time,tolerance,strict_acyclic,integrality_focus,method,nodes_steiner,edges_steiner,cost_of_steiner_tree,cost_diff,time,time_diff
0,40,1000,1996,False,"5,0.1",995.89397281123,,1e-05,,,nx,98,97,26.18286591526035,1.8687252606594278,0.037514448165893555,-7201.6847586631775
0,40,1000,1996,False,"5,0.1",995.89397281123,7200.0,1e-05,0.0,1.0,corneto,101,100,24.314140654600923,-1.8687252606594278,7201.722273111343,7201.6847586631775
