seed,n_terminals,graph_nodes,graph_edges,is_scale_free,scale_free_params,total_weight,max_time,tolerance,strict_acyclic,integrality_focus,method,nodes_steiner,edges_steiner,cost_of_steiner_tree,cost_diff,time,time_diff
0,50,1250,2500,True,"5,0.1",1244.2833853175189,,0.0001,,,nx,171,170,64.71059031116141,8.650445221996229,0.03308749198913574,-7201.549057722092
0,50,1250,2500,True,"5,0.1",1244.2833853175189,7200.0,0.0001,1.0,1.0,corneto,172,171,56.06014508916518,-8.650445221996229,7201.582145214081,7201.549057722092
