seed,n_terminals,graph_nodes,graph_edges,is_scale_free,scale_free_params,total_weight,max_time,tolerance,strict_acyclic,integrality_focus,method,nodes_steiner,edges_steiner,cost_of_steiner_tree,cost_diff,time,time_diff
0,10,1250,2500,True,"5,0.1",1244.2833853175189,,1e-05,,,nx,65,64,17.012564914873025,1.2286372876368343,0.030347347259521484,-700.7028937339783
0,10,1250,2500,True,"5,0.1",1244.2833853175189,7200.0,1e-05,1.0,1.0,corneto,58,57,15.78392762723619,-1.2286372876368343,700.7332410812378,700.7028937339783
