seed,n_terminals,graph_nodes,graph_edges,is_scale_free,scale_free_params,total_weight,max_time,tolerance,strict_acyclic,integrality_focus,method,nodes_steiner,edges_steiner,cost_of_steiner_tree,cost_diff,time,time_diff
0,30,250,496,False,"5,0.1",262.5574049545011,,0.001,,,nx,54,53,19.229706253812918,2.348705609582332,0.015141725540161133,-1591.4287588596344
0,30,250,496,False,"5,0.1",262.5574049545011,7200.0,0.001,0.0,1.0,corneto,66,65,16.881000644230586,-2.348705609582332,1591.4439005851746,1591.4287588596344
