seed,n_terminals,graph_nodes,graph_edges,is_scale_free,scale_free_params,total_weight,max_time,tolerance,strict_acyclic,integrality_focus,method,nodes_steiner,edges_steiner,cost_of_steiner_tree,cost_diff,time,time_diff
0,20,750,1500,True,"5,0.1",762.8661057309208,,1e-05,,,nx,90,89,31.73932165907999,4.15206369279197,0.0356595516204834,-600.6281504631042
0,20,750,1500,True,"5,0.1",762.8661057309208,600.0,1e-05,0.0,1.0,corneto,86,85,27.58725796628802,-4.15206369279197,600.6638100147247,600.6281504631042
