seed,n_terminals,graph_nodes,graph_edges,is_scale_free,scale_free_params,total_weight,max_time,tolerance,strict_acyclic,integrality_focus,method,nodes_steiner,edges_steiner,cost_of_steiner_tree,cost_diff,time,time_diff
0,40,1500,3000,True,"5,0.1",1492.8753186496638,,0.001,,,nx,169,168,64.57331221588326,8.118648486256141,0.043170928955078125,-601.700353384018
0,40,1500,3000,True,"5,0.1",1492.8753186496638,600.0,0.001,0.0,1.0,corneto,193,192,56.45466372962712,-8.118648486256141,601.743524312973,601.700353384018
