seed,n_terminals,graph_nodes,graph_edges,is_scale_free,scale_free_params,total_weight,max_time,tolerance,strict_acyclic,integrality_focus,method,nodes_steiner,edges_steiner,cost_of_steiner_tree,cost_diff,time,time_diff
0,20,250,496,False,"5,0.1",262.5574049545011,,0.001,,,nx,34,33,10.29117406235674,0.5206570756952864,0.007127523422241211,-12.810965061187744
0,20,250,496,False,"5,0.1",262.5574049545011,600.0,0.001,0.0,1.0,corneto,35,34,9.770516986661454,-0.5206570756952864,12.818092584609985,12.810965061187744
