seed,n_terminals,graph_nodes,graph_edges,is_scale_free,scale_free_params,total_weight,max_time,tolerance,strict_acyclic,integrality_focus,method,nodes_steiner,edges_steiner,cost_of_steiner_tree,cost_diff,time,time_diff
0,10,500,996,False,"5,0.1",515.9000940215316,,0.001,,,nx,27,26,7.860556397981235,1.0626563421035415,0.01382899284362793,-77.44118595123291
0,10,500,996,False,"5,0.1",515.9000940215316,600.0,0.001,0.0,1.0,corneto,29,28,6.797900055877694,-1.0626563421035415,77.45501494407654,77.44118595123291
