seed,n_terminals,graph_nodes,graph_edges,is_scale_free,scale_free_params,total_weight,max_time,tolerance,strict_acyclic,integrality_focus,method,nodes_steiner,edges_steiner,cost_of_steiner_tree,cost_diff,time,time_diff
0,20,500,1000,True,"5,0.1",516.9063382672537,,0.0001,,,nx,74,73,26.95096204392888,3.5926840634132233,0.014348268508911133,-600.5749897956848
0,20,500,1000,True,"5,0.1",516.9063382672537,600.0,0.0001,1.0,1.0,corneto,68,67,23.358277980515656,-3.5926840634132233,600.5893380641937,600.5749897956848
