seed,n_terminals,graph_nodes,graph_edges,is_scale_free,scale_free_params,total_weight,max_time,tolerance,strict_acyclic,integrality_focus,method,nodes_steiner,edges_steiner,cost_of_steiner_tree,cost_diff,time,time_diff
0,50,750,1496,False,"5,0.1",760.102371732413,,1e-05,,,nx,98,97,33.22131441882495,5.49251789728703,0.04996967315673828,-200.4821138381958
0,50,750,1496,False,"5,0.1",760.102371732413,600.0,1e-05,1.0,1.0,corneto,101,100,27.728796521537923,-5.49251789728703,200.53208351135254,200.4821138381958
