seed,n_terminals,graph_nodes,graph_edges,is_scale_free,scale_free_params,total_weight,max_time,tolerance,strict_acyclic,integrality_focus,method,nodes_steiner,edges_steiner,cost_of_steiner_tree,cost_diff,time,time_diff
0,40,250,500,True,"5,0.1",265.3799877305477,,0.001,,,nx,89,88,36.02764834882578,4.938563017673086,0.01873302459716797,-443.49776434898376
0,40,250,500,True,"5,0.1",265.3799877305477,600.0,0.001,1.0,1.0,corneto,88,87,31.089085331152692,-4.938563017673086,443.51649737358093,443.49776434898376
