seed,n_terminals,graph_nodes,graph_edges,is_scale_free,scale_free_params,total_weight,max_time,tolerance,strict_acyclic,integrality_focus,method,nodes_steiner,edges_steiner,cost_of_steiner_tree,cost_diff,time,time_diff
0,40,500,996,False,"5,0.1",515.9000940215316,,0.001,,,nx,82,81,26.598222142948263,3.6284290087624917,0.021257400512695312,-5383.7912940979
0,40,500,996,False,"5,0.1",515.9000940215316,7200.0,0.001,0.0,1.0,corneto,87,86,22.96979313418577,-3.6284290087624917,5383.812551498413,5383.7912940979
