seed,n_terminals,graph_nodes,graph_edges,is_scale_free,scale_free_params,total_weight,max_time,tolerance,strict_acyclic,integrality_focus,method,nodes_steiner,edges_steiner,cost_of_steiner_tree,cost_diff,time,time_diff
0,40,1000,2000,True,"5,0.1",997.8282912803365,,0.001,,,nx,141,140,49.8209569492091,8.198199579455007,0.02591109275817871,-7201.138917684555
0,40,1000,2000,True,"5,0.1",997.8282912803365,7200.0,0.001,0.0,1.0,corneto,150,149,41.62275736975409,-8.198199579455007,7201.164828777313,7201.138917684555
