seed,n_terminals,graph_nodes,graph_edges,is_scale_free,scale_free_params,total_weight,max_time,tolerance,strict_acyclic,integrality_focus,method,nodes_steiner,edges_steiner,cost_of_steiner_tree,cost_diff,time,time_diff
0,20,1000,1996,False,"5,0.1",995.89397281123,,1e-05,,,nx,46,45,14.163275183502057,0.7075403809386547,0.025798797607421875,-335.10143661499023
0,20,1000,1996,False,"5,0.1",995.89397281123,600.0,1e-05,1.0,1.0,corneto,56,55,13.455734802563402,-0.7075403809386547,335.12723541259766,335.10143661499023
