seed,n_terminals,graph_nodes,graph_edges,is_scale_free,scale_free_params,total_weight,max_time,tolerance,strict_acyclic,integrality_focus,method,nodes_steiner,edges_steiner,cost_of_steiner_tree,cost_diff,time,time_diff
0,20,750,1500,True,"5,0.1",762.8661057309208,,0.001,,,nx,90,89,31.73932165907999,4.384760380510791,0.03528881072998047,-7201.32855629921
0,20,750,1500,True,"5,0.1",762.8661057309208,7200.0,0.001,0.0,1.0,corneto,80,79,27.3545612785692,-4.384760380510791,7201.36384510994,7201.32855629921
