seed,n_terminals,graph_nodes,graph_edges,is_scale_free,scale_free_params,total_weight,max_time,tolerance,strict_acyclic,integrality_focus,method,nodes_steiner,edges_steiner,cost_of_steiner_tree,cost_diff,time,time_diff
0,20,750,1496,False,"5,0.1",760.102371732413,,0.001,,,nx,45,44,9.998683033993899,0.8513186321193515,0.020687103271484375,-600.4351186752319
0,20,750,1496,False,"5,0.1",760.102371732413,600.0,0.001,0.0,1.0,corneto,44,43,9.147364401874547,-0.8513186321193515,600.4558057785034,600.4351186752319
