seed,n_terminals,graph_nodes,graph_edges,is_scale_free,scale_free_params,total_weight,max_time,tolerance,strict_acyclic,integrality_focus,method,nodes_steiner,edges_steiner,cost_of_steiner_tree,cost_diff,time,time_diff
0,50,1500,2996,False,"5,0.1",1491.564085781832,,0.001,,,nx,119,118,36.019443974074115,7.96816751491621,0.04601025581359863,-153.48664832115173
0,50,1500,2996,False,"5,0.1",1491.564085781832,7200.0,0.001,1.0,1.0,corneto,116,115,28.051276459157904,-7.96816751491621,153.53265857696533,153.48664832115173
