seed,n_terminals,graph_nodes,graph_edges,is_scale_free,scale_free_params,total_weight,max_time,tolerance,strict_acyclic,integrality_focus,method,nodes_steiner,edges_steiner,cost_of_steiner_tree,cost_diff,time,time_diff
0,20,500,1000,True,"5,0.1",516.9063382672537,,0.001,,,nx,74,73,26.95096204392888,2.335766092280309,0.02463984489440918,-7202.1645703315735
0,20,500,1000,True,"5,0.1",516.9063382672537,7200.0,0.001,0.0,1.0,corneto,71,71,24.61519595164857,-2.335766092280309,7202.189210176468,7202.1645703315735
