seed,n_terminals,graph_nodes,graph_edges,is_scale_free,scale_free_params,total_weight,max_time,tolerance,strict_acyclic,integrality_focus,method,nodes_steiner,edges_steiner,cost_of_steiner_tree,cost_diff,time,time_diff
0,30,1500,2996,False,"5,0.1",1491.564085781832,,0.0001,,,nx,82,81,19.931019262994344,2.6357500089344867,0.03760528564453125,-80.68249225616455
0,30,1500,2996,False,"5,0.1",1491.564085781832,7200.0,0.0001,1.0,1.0,corneto,78,77,17.295269254059857,-2.6357500089344867,80.72009754180908,80.68249225616455
