seed,n_terminals,graph_nodes,graph_edges,is_scale_free,scale_free_params,total_weight,max_time,tolerance,strict_acyclic,integrality_focus,method,nodes_steiner,edges_steiner,cost_of_steiner_tree,cost_diff,time,time_diff
0,10,1000,2000,True,"5,0.1",997.8282912803365,,1e-05,,,nx,62,61,19.412426833980575,1.6631114207775823,0.026679277420043945,-7201.244524717331
0,10,1000,2000,True,"5,0.1",997.8282912803365,7200.0,1e-05,0.0,1.0,corneto,68,68,17.749315413202993,-1.6631114207775823,7201.271203994751,7201.244524717331
