seed,n_terminals,graph_nodes,graph_edges,is_scale_free,scale_free_params,total_weight,max_time,tolerance,strict_acyclic,integrality_focus,method,nodes_steiner,edges_steiner,cost_of_steiner_tree,cost_diff,time,time_diff
0,10,1500,4491,False,"5,0.1",2236.7293810116294,,0.001,,,nx,29,28,4.950863504272283,0.7579389301125943,0.04326200485229492,-135.6668243408203
0,10,1500,4491,False,"5,0.1",2236.7293810116294,7200.0,0.001,0.0,1.0,corneto,32,31,4.192924574159688,-0.7579389301125943,135.7100863456726,135.6668243408203
