seed,n_terminals,graph_nodes,graph_edges,is_scale_free,scale_free_params,total_weight,max_time,tolerance,strict_acyclic,integrality_focus,method,nodes_steiner,edges_steiner,cost_of_steiner_tree,cost_diff,time,time_diff
0,10,750,1500,True,"5,0.1",762.8661057309208,,0.001,,,nx,48,47,20.080491389235974,3.256091696191991,0.030825376510620117,-7201.527019739151
0,10,750,1500,True,"5,0.1",762.8661057309208,7200.0,0.001,1.0,1.0,corneto,50,49,16.824399693043983,-3.256091696191991,7201.557845115662,7201.527019739151
