seed,n_terminals,graph_nodes,graph_edges,is_scale_free,scale_free_params,total_weight,max_time,tolerance,strict_acyclic,integrality_focus,method,nodes_steiner,edges_steiner,cost_of_steiner_tree,cost_diff,time,time_diff
0,30,1250,2496,False,"5,0.1",1242.4638225879603,,0.0001,,,nx,66,65,20.312937214641877,1.4565759289007438,0.03669333457946777,-117.30074954032898
0,30,1250,2496,False,"5,0.1",1242.4638225879603,600.0,0.0001,1.0,1.0,corneto,75,74,18.856361285741134,-1.4565759289007438,117.33744287490845,117.30074954032898
