seed,n_terminals,graph_nodes,graph_edges,is_scale_free,scale_free_params,total_weight,max_time,tolerance,strict_acyclic,integrality_focus,method,nodes_steiner,edges_steiner,cost_of_steiner_tree,cost_diff,time,time_diff
0,50,1250,2500,True,"5,0.1",1244.2833853175189,,0.001,,,nx,171,170,64.71059031116141,8.650445221996229,0.03316187858581543,-7201.473399877548
0,50,1250,2500,True,"5,0.1",1244.2833853175189,7200.0,0.001,1.0,1.0,corneto,172,171,56.06014508916518,-8.650445221996229,7201.506561756134,7201.473399877548
