seed,n_terminals,graph_nodes,graph_edges,is_scale_free,scale_free_params,total_weight,max_time,tolerance,strict_acyclic,integrality_focus,method,nodes_steiner,edges_steiner,cost_of_steiner_tree,cost_diff,time,time_diff
0,10,1500,3000,True,"5,0.1",1492.8753186496638,,0.0001,,,nx,59,58,20.798653568604834,2.7692800986005714,0.05444836616516113,-601.1861419677734
0,10,1500,3000,True,"5,0.1",1492.8753186496638,600.0,0.0001,0.0,1.0,corneto,54,53,18.029373470004263,-2.7692800986005714,601.2405903339386,601.1861419677734
