seed,n_terminals,graph_nodes,graph_edges,is_scale_free,scale_free_params,total_weight,max_time,tolerance,strict_acyclic,integrality_focus,method,nodes_steiner,edges_steiner,cost_of_steiner_tree,cost_diff,time,time_diff
0,10,750,1500,True,"5,0.1",762.8661057309208,,1e-05,,,nx,48,47,20.080491389235974,3.1157385986365966,0.03175044059753418,-600.6252119541168
0,10,750,1500,True,"5,0.1",762.8661057309208,600.0,1e-05,0.0,1.0,corneto,51,50,16.964752790599377,-3.1157385986365966,600.6569623947144,600.6252119541168
