seed,n_terminals,graph_nodes,graph_edges,is_scale_free,scale_free_params,total_weight,max_time,tolerance,strict_acyclic,integrality_focus,method,nodes_steiner,edges_steiner,cost_of_steiner_tree,cost_diff,time,time_diff
0,40,750,2241,False,"5,0.1",1111.1886305508265,,1e-05,,,nx,96,95,17.249425943057446,3.0497062538103474,0.04925870895385742,-7202.141492128372
0,40,750,2241,False,"5,0.1",1111.1886305508265,7200.0,1e-05,0.0,1.0,corneto,96,95,14.199719689247098,-3.0497062538103474,7202.190750837326,7202.141492128372
