seed,n_terminals,graph_nodes,graph_edges,is_scale_free,scale_free_params,total_weight,max_time,tolerance,strict_acyclic,integrality_focus,method,nodes_steiner,edges_steiner,cost_of_steiner_tree,cost_diff,time,time_diff
0,20,1000,2000,True,"5,0.1",997.8282912803365,,0.0001,,,nx,98,97,31.700616491425837,3.229375929621618,0.03340482711791992,-601.4297235012054
0,20,1000,2000,True,"5,0.1",997.8282912803365,600.0,0.0001,1.0,1.0,corneto,103,102,28.47124056180422,-3.229375929621618,601.4631283283234,601.4297235012054
