seed,n_terminals,graph_nodes,graph_edges,is_scale_free,scale_free_params,total_weight,max_time,tolerance,strict_acyclic,integrality_focus,method,nodes_steiner,edges_steiner,cost_of_steiner_tree,cost_diff,time,time_diff
0,20,1250,2500,True,"5,0.1",1244.2833853175189,,0.001,,,nx,101,100,32.10256157249235,5.154978105545389,0.049355268478393555,-7201.608647584915
0,20,1250,2500,True,"5,0.1",1244.2833853175189,7200.0,0.001,0.0,1.0,corneto,90,89,26.94758346694696,-5.154978105545389,7201.658002853394,7201.608647584915
