seed,n_terminals,graph_nodes,graph_edges,is_scale_free,scale_free_params,total_weight,max_time,tolerance,strict_acyclic,integrality_focus,method,nodes_steiner,edges_steiner,cost_of_steiner_tree,cost_diff,time,time_diff
0,50,250,496,False,"5,0.1",262.5574049545011,,0.001,,,nx,82,81,30.19319083810741,4.822222702049935,0.014818191528320312,-5556.792448759079
0,50,250,496,False,"5,0.1",262.5574049545011,7200.0,0.001,0.0,1.0,corneto,85,84,25.370968136057474,-4.822222702049935,5556.807266950607,5556.792448759079
