seed,n_terminals,graph_nodes,graph_edges,is_scale_free,scale_free_params,total_weight,max_time,tolerance,strict_acyclic,integrality_focus,method,nodes_steiner,edges_steiner,cost_of_steiner_tree,cost_diff,time,time_diff
0,20,500,1000,True,"5,0.1",516.9063382672537,,0.001,,,nx,74,73,26.95096204392888,3.3173418394158425,0.026111602783203125,-600.5550253391266
0,20,500,1000,True,"5,0.1",516.9063382672537,600.0,0.001,0.0,1.0,corneto,73,72,23.633620204513036,-3.3173418394158425,600.5811369419098,600.5550253391266
