seed,n_terminals,graph_nodes,graph_edges,is_scale_free,scale_free_params,total_weight,max_time,tolerance,strict_acyclic,integrality_focus,method,nodes_steiner,edges_steiner,cost_of_steiner_tree,cost_diff,time,time_diff
0,10,250,500,True,"5,0.1",265.3799877305477,,0.001,,,nx,36,35,15.193449705066921,2.3621736836992895,0.008365154266357422,-251.82529163360596
0,10,250,500,True,"5,0.1",265.3799877305477,600.0,0.001,1.0,1.0,corneto,34,33,12.831276021367632,-2.3621736836992895,251.83365678787231,251.82529163360596
