seed,n_terminals,graph_nodes,graph_edges,is_scale_free,scale_free_params,total_weight,max_time,tolerance,strict_acyclic,integrality_focus,method,nodes_steiner,edges_steiner,cost_of_steiner_tree,cost_diff,time,time_diff
0,20,500,1000,True,"5,0.1",516.9063382672537,,1e-05,,,nx,74,73,26.95096204392888,3.5926840634132233,0.020488500595092773,-986.7305107116699
0,20,500,1000,True,"5,0.1",516.9063382672537,7200.0,1e-05,1.0,1.0,corneto,68,67,23.358277980515656,-3.5926840634132233,986.750999212265,986.7305107116699
