seed,n_terminals,graph_nodes,graph_edges,is_scale_free,scale_free_params,total_weight,max_time,tolerance,strict_acyclic,integrality_focus,method,nodes_steiner,edges_steiner,cost_of_steiner_tree,cost_diff,time,time_diff
0,40,750,1500,True,"5,0.1",762.8661057309208,,1e-05,,,nx,149,148,59.14360090408991,11.996440212321467,0.025224685668945312,-7201.547469377518
0,40,750,1500,True,"5,0.1",762.8661057309208,7200.0,1e-05,1.0,1.0,corneto,152,151,47.14716069176844,-11.996440212321467,7201.572694063187,7201.547469377518
