seed,n_terminals,graph_nodes,graph_edges,is_scale_free,scale_free_params,total_weight,max_time,tolerance,strict_acyclic,integrality_focus,method,nodes_steiner,edges_steiner,cost_of_steiner_tree,cost_diff,time,time_diff
0,20,750,2241,False,"5,0.1",1111.1886305508265,,1e-05,,,nx,46,45,9.162429594553375,1.0101170935893737,0.033054351806640625,-2182.614319562912
0,20,750,2241,False,"5,0.1",1111.1886305508265,7200.0,1e-05,0.0,1.0,corneto,57,56,8.152312500964001,-1.0101170935893737,2182.6473739147186,2182.614319562912
