seed,n_terminals,graph_nodes,graph_edges,is_scale_free,scale_free_params,total_weight,max_time,tolerance,strict_acyclic,integrality_focus,method,nodes_steiner,edges_steiner,cost_of_steiner_tree,cost_diff,time,time_diff
0,40,500,1000,True,"5,0.1",516.9063382672537,,0.001,,,nx,107,106,42.33499224961021,5.103635033342627,0.028983354568481445,-600.7297592163086
0,40,500,1000,True,"5,0.1",516.9063382672537,600.0,0.001,0.0,1.0,corneto,118,117,37.23135721626758,-5.103635033342627,600.7587425708771,600.7297592163086
