seed,n_terminals,graph_nodes,graph_edges,is_scale_free,scale_free_params,total_weight,max_time,tolerance,strict_acyclic,integrality_focus,method,nodes_steiner,edges_steiner,cost_of_steiner_tree,cost_diff,time,time_diff
0,50,1500,2996,False,"5,0.1",1491.564085781832,,0.001,,,nx,119,118,36.019443974074115,7.748247512019002,0.09302949905395508,-601.0600748062134
0,50,1500,2996,False,"5,0.1",1491.564085781832,600.0,0.001,0.0,1.0,corneto,120,119,28.271196462055112,-7.748247512019002,601.1531043052673,601.0600748062134
