seed,n_terminals,graph_nodes,graph_edges,is_scale_free,scale_free_params,total_weight,max_time,tolerance,strict_acyclic,integrality_focus,method,nodes_steiner,edges_steiner,cost_of_steiner_tree,cost_diff,time,time_diff
0,40,750,1500,True,"5,0.1",762.8661057309208,,0.001,,,nx,149,148,59.14360090408991,8.484579973885786,0.024300098419189453,-601.2995307445526
0,40,750,1500,True,"5,0.1",762.8661057309208,600.0,0.001,1.0,1.0,corneto,162,161,50.65902093020412,-8.484579973885786,601.3238308429718,601.2995307445526
