seed,n_terminals,graph_nodes,graph_edges,is_scale_free,scale_free_params,total_weight,max_time,tolerance,strict_acyclic,integrality_focus,method,nodes_steiner,edges_steiner,cost_of_steiner_tree,cost_diff,time,time_diff
0,30,1500,3000,True,"5,0.1",1492.8753186496638,,0.001,,,nx,131,130,52.46966422188484,10.208038220282532,0.03402566909790039,-7200.940891981125
0,30,1500,3000,True,"5,0.1",1492.8753186496638,7200.0,0.001,0.0,1.0,corneto,134,133,42.26162600160231,-10.208038220282532,7200.974917650223,7200.940891981125
