seed,n_terminals,graph_nodes,graph_edges,is_scale_free,scale_free_params,total_weight,max_time,tolerance,strict_acyclic,integrality_focus,method,nodes_steiner,edges_steiner,cost_of_steiner_tree,cost_diff,time,time_diff
0,30,250,741,False,"5,0.1",384.8606265083903,,1e-05,,,nx,56,55,12.652975055765424,2.9230542746814105,0.0280148983001709,-130.11818385124207
0,30,250,741,False,"5,0.1",384.8606265083903,7200.0,1e-05,0.0,1.0,corneto,59,58,9.729920781084013,-2.9230542746814105,130.14619874954224,130.11818385124207
