seed,n_terminals,graph_nodes,graph_edges,is_scale_free,scale_free_params,total_weight,max_time,tolerance,strict_acyclic,integrality_focus,method,nodes_steiner,edges_steiner,cost_of_steiner_tree,cost_diff,time,time_diff
0,20,1500,3000,True,"5,0.1",1492.8753186496638,,0.001,,,nx,107,106,44.41289445425629,8.403258659850124,0.036157846450805664,-602.2766442298889
0,20,1500,3000,True,"5,0.1",1492.8753186496638,600.0,0.001,1.0,1.0,corneto,116,115,36.009635794406165,-8.403258659850124,602.3128020763397,602.2766442298889
