seed,n_terminals,graph_nodes,graph_edges,is_scale_free,scale_free_params,total_weight,max_time,tolerance,strict_acyclic,integrality_focus,method,nodes_steiner,edges_steiner,cost_of_steiner_tree,cost_diff,time,time_diff
0,40,250,496,False,"5,0.1",262.5574049545011,,1e-05,,,nx,66,65,26.208062596215093,4.201310317297288,0.01991558074951172,-17.978919506072998
0,40,250,496,False,"5,0.1",262.5574049545011,7200.0,1e-05,1.0,1.0,corneto,70,69,22.006752278917805,-4.201310317297288,17.99883508682251,17.978919506072998
