seed,n_terminals,graph_nodes,graph_edges,is_scale_free,scale_free_params,total_weight,max_time,tolerance,strict_acyclic,integrality_focus,method,nodes_steiner,edges_steiner,cost_of_steiner_tree,cost_diff,time,time_diff
0,50,750,1500,True,"5,0.1",762.8661057309208,,0.001,,,nx,162,161,57.01623966791674,6.615466004038865,0.03944659233093262,-6110.923595428467
0,50,750,1500,True,"5,0.1",762.8661057309208,7200.0,0.001,1.0,1.0,corneto,157,156,50.40077366387788,-6.615466004038865,6110.963042020798,6110.923595428467
