seed,n_terminals,graph_nodes,graph_edges,is_scale_free,scale_free_params,total_weight,max_time,tolerance,strict_acyclic,integrality_focus,method,nodes_steiner,edges_steiner,cost_of_steiner_tree,cost_diff,time,time_diff
0,30,750,1500,True,"5,0.1",762.8661057309208,,0.0001,,,nx,124,123,47.34516853273588,9.41207953120378,0.021821022033691406,-602.1112599372864
0,30,750,1500,True,"5,0.1",762.8661057309208,600.0,0.0001,0.0,1.0,corneto,132,131,37.9330890015321,-9.41207953120378,602.1330809593201,602.1112599372864
