seed,n_terminals,graph_nodes,graph_edges,is_scale_free,scale_free_params,total_weight,max_time,tolerance,strict_acyclic,integrality_focus,method,nodes_steiner,edges_steiner,cost_of_steiner_tree,cost_diff,time,time_diff
0,40,1250,2500,True,"5,0.1",1244.2833853175189,,0.001,,,nx,175,174,61.77046280900755,8.573941001312825,0.06191062927246094,-601.9253470897675
0,40,1250,2500,True,"5,0.1",1244.2833853175189,600.0,0.001,1.0,1.0,corneto,181,180,53.19652180769472,-8.573941001312825,601.9872577190399,601.9253470897675
