seed,n_terminals,graph_nodes,graph_edges,is_scale_free,scale_free_params,total_weight,max_time,tolerance,strict_acyclic,integrality_focus,method,nodes_steiner,edges_steiner,cost_of_steiner_tree,cost_diff,time,time_diff
0,50,750,1500,True,"5,0.1",762.8661057309208,,0.0001,,,nx,162,161,57.01623966791674,6.057098808317058,0.02353644371032715,-602.2257199287415
0,50,750,1500,True,"5,0.1",762.8661057309208,600.0,0.0001,0.0,1.0,corneto,161,160,50.959140859599685,-6.057098808317058,602.2492563724518,602.2257199287415
