seed,n_terminals,graph_nodes,graph_edges,is_scale_free,scale_free_params,total_weight,max_time,tolerance,strict_acyclic,integrality_focus,method,nodes_steiner,edges_steiner,cost_of_steiner_tree,cost_diff,time,time_diff
0,40,1000,2000,True,"5,0.1",997.8282912803365,,1e-05,,,nx,141,140,49.8209569492091,8.044962683119294,0.04518246650695801,-7201.206436872482
0,40,1000,2000,True,"5,0.1",997.8282912803365,7200.0,1e-05,1.0,1.0,corneto,151,150,41.7759942660898,-8.044962683119294,7201.251619338989,7201.206436872482
