seed,n_terminals,graph_nodes,graph_edges,is_scale_free,scale_free_params,total_weight,max_time,tolerance,strict_acyclic,integrality_focus,method,nodes_steiner,edges_steiner,cost_of_steiner_tree,cost_diff,time,time_diff
0,50,1250,2496,False,"5,0.1",1242.4638225879603,,1e-05,,,nx,113,112,38.80725025374793,8.953668231172276,0.04766702651977539,-205.05960655212402
0,50,1250,2496,False,"5,0.1",1242.4638225879603,7200.0,1e-05,1.0,1.0,corneto,119,118,29.853582022575655,-8.953668231172276,205.1072735786438,205.05960655212402
