seed,n_terminals,graph_nodes,graph_edges,is_scale_free,scale_free_params,total_weight,max_time,tolerance,strict_acyclic,integrality_focus,method,nodes_steiner,edges_steiner,cost_of_steiner_tree,cost_diff,time,time_diff
0,40,750,1500,True,"5,0.1",762.8661057309208,,0.0001,,,nx,149,148,59.14360090408991,11.996440212321467,0.028426408767700195,-7201.812053442001
0,40,750,1500,True,"5,0.1",762.8661057309208,7200.0,0.0001,1.0,1.0,corneto,152,151,47.14716069176844,-11.996440212321467,7201.840479850769,7201.812053442001
