seed,n_terminals,graph_nodes,graph_edges,is_scale_free,scale_free_params,total_weight,max_time,tolerance,strict_acyclic,integrality_focus,method,nodes_steiner,edges_steiner,cost_of_steiner_tree,cost_diff,time,time_diff
0,30,500,996,False,"5,0.1",515.9000940215316,,0.001,,,nx,71,70,21.157604578634906,2.4050102612408217,0.019910812377929688,-36.22081732749939
0,30,500,996,False,"5,0.1",515.9000940215316,600.0,0.001,1.0,1.0,corneto,65,64,18.752594317394085,-2.4050102612408217,36.24072813987732,36.22081732749939
