seed,n_terminals,graph_nodes,graph_edges,is_scale_free,scale_free_params,total_weight,max_time,tolerance,strict_acyclic,integrality_focus,method,nodes_steiner,edges_steiner,cost_of_steiner_tree,cost_diff,time,time_diff
0,40,250,500,True,"5,0.1",265.3799877305477,,1e-05,,,nx,89,88,36.02764834882578,4.877471465426591,0.01159977912902832,-600.5211045742035
0,40,250,500,True,"5,0.1",265.3799877305477,600.0,1e-05,0.0,1.0,corneto,95,94,31.150176883399187,-4.877471465426591,600.5327043533325,600.5211045742035
