seed,n_terminals,graph_nodes,graph_edges,is_scale_free,scale_free_params,total_weight,max_time,tolerance,strict_acyclic,integrality_focus,method,nodes_steiner,edges_steiner,cost_of_steiner_tree,cost_diff,time,time_diff
0,40,1500,2996,False,"5,0.1",1491.564085781832,,0.001,,,nx,97,96,27.61418022989905,7.187107215746291,0.07175803184509277,-601.0997717380524
0,40,1500,2996,False,"5,0.1",1491.564085781832,600.0,0.001,0.0,1.0,corneto,101,100,20.427073014152757,-7.187107215746291,601.1715297698975,601.0997717380524
