seed,n_terminals,graph_nodes,graph_edges,is_scale_free,scale_free_params,total_weight,max_time,tolerance,strict_acyclic,integrality_focus,method,nodes_steiner,edges_steiner,cost_of_steiner_tree,cost_diff,time,time_diff
0,40,1000,2000,True,"5,0.1",997.8282912803365,,1e-05,,,nx,141,140,49.8209569492091,8.198199579455007,0.025545597076416016,-7200.910338640213
0,40,1000,2000,True,"5,0.1",997.8282912803365,7200.0,1e-05,0.0,1.0,corneto,150,149,41.62275736975409,-8.198199579455007,7200.935884237289,7200.910338640213
