seed,n_terminals,graph_nodes,graph_edges,is_scale_free,scale_free_params,total_weight,max_time,tolerance,strict_acyclic,integrality_focus,method,nodes_steiner,edges_steiner,cost_of_steiner_tree,cost_diff,time,time_diff
0,40,750,1496,False,"5,0.1",760.102371732413,,0.0001,,,nx,81,80,22.720377658471858,3.9309588401240916,0.048426151275634766,-247.9758608341217
0,40,750,1496,False,"5,0.1",760.102371732413,600.0,0.0001,1.0,1.0,corneto,83,82,18.789418818347766,-3.9309588401240916,248.02428698539734,247.9758608341217
