seed,n_terminals,graph_nodes,graph_edges,is_scale_free,scale_free_params,total_weight,max_time,tolerance,strict_acyclic,integrality_focus,method,nodes_steiner,edges_steiner,cost_of_steiner_tree,cost_diff,time,time_diff
0,40,1500,3000,True,"5,0.1",1492.8753186496638,,1e-05,,,nx,169,168,64.57331221588326,7.524526385186213,0.06475090980529785,-601.7974407672882
0,40,1500,3000,True,"5,0.1",1492.8753186496638,600.0,1e-05,0.0,1.0,corneto,195,194,57.04878583069705,-7.524526385186213,601.8621916770935,601.7974407672882
