seed,n_terminals,graph_nodes,graph_edges,is_scale_free,scale_free_params,total_weight,max_time,tolerance,strict_acyclic,integrality_focus,method,nodes_steiner,edges_steiner,cost_of_steiner_tree,cost_diff,time,time_diff
0,10,1000,2000,True,"5,0.1",997.8282912803365,,1e-05,,,nx,62,61,19.412426833980575,3.917678987260082,0.020281553268432617,-1472.5032832622528
0,10,1000,2000,True,"5,0.1",997.8282912803365,7200.0,1e-05,1.0,1.0,corneto,63,62,15.494747846720493,-3.917678987260082,1472.5235648155212,1472.5032832622528
