seed,n_terminals,graph_nodes,graph_edges,is_scale_free,scale_free_params,total_weight,max_time,tolerance,strict_acyclic,integrality_focus,method,nodes_steiner,edges_steiner,cost_of_steiner_tree,cost_diff,time,time_diff
0,30,1500,3000,True,"5,0.1",1492.8753186496638,,1e-05,,,nx,131,130,52.46966422188484,6.690765222235285,0.03669118881225586,-602.2106275558472
0,30,1500,3000,True,"5,0.1",1492.8753186496638,600.0,1e-05,1.0,1.0,corneto,147,146,45.778898999649556,-6.690765222235285,602.2473187446594,602.2106275558472
