seed,n_terminals,graph_nodes,graph_edges,is_scale_free,scale_free_params,total_weight,max_time,tolerance,strict_acyclic,integrality_focus,method,nodes_steiner,edges_steiner,cost_of_steiner_tree,cost_diff,time,time_diff
0,50,500,1000,True,"5,0.1",516.9063382672537,,1e-05,,,nx,140,139,59.34656079702714,12.832580602518334,0.018639564514160156,-600.9935684204102
0,50,500,1000,True,"5,0.1",516.9063382672537,600.0,1e-05,1.0,1.0,corneto,141,140,46.513980194508804,-12.832580602518334,601.0122079849243,600.9935684204102
