seed,n_terminals,graph_nodes,graph_edges,is_scale_free,scale_free_params,total_weight,max_time,tolerance,strict_acyclic,integrality_focus,method,nodes_steiner,edges_steiner,cost_of_steiner_tree,cost_diff,time,time_diff
0,40,1000,2000,True,"5,0.1",997.8282912803365,,1e-05,,,nx,141,140,49.8209569492091,6.75565259075109,0.025827646255493164,-602.0808160305023
0,40,1000,2000,True,"5,0.1",997.8282912803365,600.0,1e-05,1.0,1.0,corneto,160,159,43.06530435845801,-6.75565259075109,602.1066436767578,602.0808160305023
