seed,n_terminals,graph_nodes,graph_edges,is_scale_free,scale_free_params,total_weight,max_time,tolerance,strict_acyclic,integrality_focus,method,nodes_steiner,edges_steiner,cost_of_steiner_tree,cost_diff,time,time_diff
0,40,750,1496,False,"5,0.1",760.102371732413,,1e-05,,,nx,81,80,22.720377658471858,3.268286020161039,0.045969486236572266,-7202.918571710587
0,40,750,1496,False,"5,0.1",760.102371732413,7200.0,1e-05,0.0,1.0,corneto,84,84,19.45209163831082,-3.268286020161039,7202.964541196823,7202.918571710587
