seed,n_terminals,graph_nodes,graph_edges,is_scale_free,scale_free_params,total_weight,max_time,tolerance,strict_acyclic,integrality_focus,method,nodes_steiner,edges_steiner,cost_of_steiner_tree,cost_diff,time,time_diff
0,10,1500,3000,True,"5,0.1",1492.8753186496638,,0.001,,,nx,59,58,20.798653568604834,2.9982278061101013,0.028057098388671875,-7201.33012509346
0,10,1500,3000,True,"5,0.1",1492.8753186496638,7200.0,0.001,0.0,1.0,corneto,56,55,17.800425762494733,-2.9982278061101013,7201.358182191849,7201.33012509346
