seed,n_terminals,graph_nodes,graph_edges,is_scale_free,scale_free_params,total_weight,max_time,tolerance,strict_acyclic,integrality_focus,method,nodes_steiner,edges_steiner,cost_of_steiner_tree,cost_diff,time,time_diff
0,20,1500,3000,True,"5,0.1",1492.8753186496638,,0.0001,,,nx,107,106,44.41289445425629,10.62766947072393,0.04209184646606445,-6460.147582292557
0,20,1500,3000,True,"5,0.1",1492.8753186496638,7200.0,0.0001,1.0,1.0,corneto,103,102,33.78522498353236,-10.62766947072393,6460.189674139023,6460.147582292557
