seed,n_terminals,graph_nodes,graph_edges,is_scale_free,scale_free_params,total_weight,max_time,tolerance,strict_acyclic,integrality_focus,method,nodes_steiner,edges_steiner,cost_of_steiner_tree,cost_diff,time,time_diff
0,30,750,1500,True,"5,0.1",762.8661057309208,,0.001,,,nx,124,123,47.34516853273588,9.485203648355586,0.039029836654663086,-7201.567437887192
0,30,750,1500,True,"5,0.1",762.8661057309208,7200.0,0.001,0.0,1.0,corneto,131,130,37.8599648843803,-9.485203648355586,7201.606467723846,7201.567437887192
