seed,n_terminals,graph_nodes,graph_edges,is_scale_free,scale_free_params,total_weight,max_time,tolerance,strict_acyclic,integrality_focus,method,nodes_steiner,edges_steiner,cost_of_steiner_tree,cost_diff,time,time_diff
0,20,500,1000,True,"5,0.1",516.9063382672537,,1e-05,,,nx,74,73,26.95096204392888,3.3173418394158425,0.024106979370117188,-600.4974455833435
0,20,500,1000,True,"5,0.1",516.9063382672537,600.0,1e-05,0.0,1.0,corneto,73,72,23.633620204513036,-3.3173418394158425,600.5215525627136,600.4974455833435
