seed,n_terminals,graph_nodes,graph_edges,is_scale_free,scale_free_params,total_weight,max_time,tolerance,strict_acyclic,integrality_focus,method,nodes_steiner,edges_steiner,cost_of_steiner_tree,cost_diff,time,time_diff
0,40,1000,2991,False,"5,0.1",1489.3341465008364,,1e-05,,,nx,86,85,18.075583364619977,2.839120576173901,0.0505521297454834,-6034.322948455811
0,40,1000,2991,False,"5,0.1",1489.3341465008364,7200.0,1e-05,0.0,1.0,corneto,99,98,15.236462788446076,-2.839120576173901,6034.373500585556,6034.322948455811
