seed,n_terminals,graph_nodes,graph_edges,is_scale_free,scale_free_params,total_weight,max_time,tolerance,strict_acyclic,integrality_focus,method,nodes_steiner,edges_steiner,cost_of_steiner_tree,cost_diff,time,time_diff
0,30,500,1000,True,"5,0.1",516.9063382672537,,0.001,,,nx,90,89,36.80000338150826,6.270728784544573,0.03276824951171875,-601.1496050357819
0,30,500,1000,True,"5,0.1",516.9063382672537,600.0,0.001,1.0,1.0,corneto,99,98,30.52927459696369,-6.270728784544573,601.1823732852936,601.1496050357819
