seed,n_terminals,graph_nodes,graph_edges,is_scale_free,scale_free_params,total_weight,max_time,tolerance,strict_acyclic,integrality_focus,method,nodes_steiner,edges_steiner,cost_of_steiner_tree,cost_diff,time,time_diff
0,10,1000,2000,True,"5,0.1",997.8282912803365,,0.001,,,nx,62,61,19.412426833980575,3.917678987260082,0.03594779968261719,-601.1030776500702
0,10,1000,2000,True,"5,0.1",997.8282912803365,600.0,0.001,0.0,1.0,corneto,63,62,15.494747846720493,-3.917678987260082,601.1390254497528,601.1030776500702
