seed,n_terminals,graph_nodes,graph_edges,is_scale_free,scale_free_params,total_weight,max_time,tolerance,strict_acyclic,integrality_focus,method,nodes_steiner,edges_steiner,cost_of_steiner_tree,cost_diff,time,time_diff
0,20,1000,2000,True,"5,0.1",997.8282912803365,,0.0001,,,nx,98,97,31.700616491425837,5.07107091704275,0.028258800506591797,-7201.1723001003265
0,20,1000,2000,True,"5,0.1",997.8282912803365,7200.0,0.0001,0.0,1.0,corneto,93,92,26.629545574383087,-5.07107091704275,7201.200558900833,7201.1723001003265
