seed,n_terminals,graph_nodes,graph_edges,is_scale_free,scale_free_params,total_weight,max_time,tolerance,strict_acyclic,integrality_focus,method,nodes_steiner,edges_steiner,cost_of_steiner_tree,cost_diff,time,time_diff
0,10,1250,2496,False,"5,0.1",1242.4638225879603,,0.0001,,,nx,30,29,10.569072451802539,2.1822661051899015,0.024378061294555664,-8.289702892303467
0,10,1250,2496,False,"5,0.1",1242.4638225879603,600.0,0.0001,1.0,1.0,corneto,35,34,8.386806346612637,-2.1822661051899015,8.314080953598022,8.289702892303467
