seed,n_terminals,graph_nodes,graph_edges,is_scale_free,scale_free_params,total_weight,max_time,tolerance,strict_acyclic,integrality_focus,method,nodes_steiner,edges_steiner,cost_of_steiner_tree,cost_diff,time,time_diff
0,30,500,1491,False,"5,0.1",757.327884912671,,1e-05,,,nx,65,64,10.605110437963155,1.1458256537943896,0.035764455795288086,-943.3003234863281
0,30,500,1491,False,"5,0.1",757.327884912671,7200.0,1e-05,0.0,1.0,corneto,60,59,9.459284784168766,-1.1458256537943896,943.3360879421234,943.3003234863281
