seed,n_terminals,graph_nodes,graph_edges,is_scale_free,scale_free_params,total_weight,max_time,tolerance,strict_acyclic,integrality_focus,method,nodes_steiner,edges_steiner,cost_of_steiner_tree,cost_diff,time,time_diff
0,30,750,1496,False,"5,0.1",760.102371732413,,0.0001,,,nx,75,74,20.608929278985112,2.297612276289982,0.040979623794555664,-600.5792226791382
0,30,750,1496,False,"5,0.1",760.102371732413,600.0,0.0001,0.0,1.0,corneto,71,70,18.31131700269513,-2.297612276289982,600.6202023029327,600.5792226791382
