seed,n_terminals,graph_nodes,graph_edges,is_scale_free,scale_free_params,total_weight,max_time,tolerance,strict_acyclic,integrality_focus,method,nodes_steiner,edges_steiner,cost_of_steiner_tree,cost_diff,time,time_diff
0,40,1000,2000,True,"5,0.1",997.8282912803365,,1e-05,,,nx,141,140,49.8209569492091,7.1115596386113396,0.04598736763000488,-600.9395563602448
0,40,1000,2000,True,"5,0.1",997.8282912803365,600.0,1e-05,0.0,1.0,corneto,155,154,42.70939731059776,-7.1115596386113396,600.9855437278748,600.9395563602448
