seed,n_terminals,graph_nodes,graph_edges,is_scale_free,scale_free_params,total_weight,max_time,tolerance,strict_acyclic,integrality_focus,method,nodes_steiner,edges_steiner,cost_of_steiner_tree,cost_diff,time,time_diff
0,50,1000,2000,True,"5,0.1",997.8282912803365,,0.0001,,,nx,172,171,64.61432275717647,8.263420105956435,0.05111074447631836,-602.1594135761261
0,50,1000,2000,True,"5,0.1",997.8282912803365,600.0,0.0001,1.0,1.0,corneto,193,192,56.35090265122003,-8.263420105956435,602.2105243206024,602.1594135761261
