seed,n_terminals,graph_nodes,graph_edges,is_scale_free,scale_free_params,total_weight,max_time,tolerance,strict_acyclic,integrality_focus,method,nodes_steiner,edges_steiner,cost_of_steiner_tree,cost_diff,time,time_diff
0,20,1500,3000,True,"5,0.1",1492.8753186496638,,1e-05,,,nx,107,106,44.41289445425629,10.090714218214494,0.03297710418701172,-7201.3565583229065
0,20,1500,3000,True,"5,0.1",1492.8753186496638,7200.0,1e-05,0.0,1.0,corneto,112,111,34.322180236041795,-10.090714218214494,7201.3895354270935,7201.3565583229065
