seed,n_terminals,graph_nodes,graph_edges,is_scale_free,scale_free_params,total_weight,max_time,tolerance,strict_acyclic,integrality_focus,method,nodes_steiner,edges_steiner,cost_of_steiner_tree,cost_diff,time,time_diff
0,30,750,1500,True,"5,0.1",762.8661057309208,,1e-05,,,nx,124,123,47.34516853273588,9.485203648355586,0.023956775665283203,-7200.860481977463
0,30,750,1500,True,"5,0.1",762.8661057309208,7200.0,1e-05,0.0,1.0,corneto,131,130,37.8599648843803,-9.485203648355586,7200.884438753128,7200.860481977463
