seed,n_terminals,graph_nodes,graph_edges,is_scale_free,scale_free_params,total_weight,max_time,tolerance,strict_acyclic,integrality_focus,method,nodes_steiner,edges_steiner,cost_of_steiner_tree,cost_diff,time,time_diff
0,20,750,2241,False,"5,0.1",1111.1886305508265,,0.0001,,,nx,46,45,9.162429594553375,1.0101170935893737,0.03304648399353027,-2188.9218373298645
0,20,750,2241,False,"5,0.1",1111.1886305508265,7200.0,0.0001,0.0,1.0,corneto,57,56,8.152312500964001,-1.0101170935893737,2188.954883813858,2188.9218373298645
