seed,n_terminals,graph_nodes,graph_edges,is_scale_free,scale_free_params,total_weight,max_time,tolerance,strict_acyclic,integrality_focus,method,nodes_steiner,edges_steiner,cost_of_steiner_tree,cost_diff,time,time_diff
0,40,1500,3000,True,"5,0.1",1492.8753186496638,,0.001,,,nx,169,168,64.57331221588326,9.983795839939319,0.04863309860229492,-7200.93291759491
0,40,1500,3000,True,"5,0.1",1492.8753186496638,7200.0,0.001,0.0,1.0,corneto,179,178,54.589516375943944,-9.983795839939319,7200.981550693512,7200.93291759491
