seed,n_terminals,graph_nodes,graph_edges,is_scale_free,scale_free_params,total_weight,max_time,tolerance,strict_acyclic,integrality_focus,method,nodes_steiner,edges_steiner,cost_of_steiner_tree,cost_diff,time,time_diff
0,40,500,996,False,"5,0.1",515.9000940215316,,1e-05,,,nx,82,81,26.598222142948263,3.5774810705965727,0.021658897399902344,-600.5784873962402
0,40,500,996,False,"5,0.1",515.9000940215316,600.0,1e-05,0.0,1.0,corneto,89,88,23.02074107235169,-3.5774810705965727,600.6001462936401,600.5784873962402
