seed,n_terminals,graph_nodes,graph_edges,is_scale_free,scale_free_params,total_weight,max_time,tolerance,strict_acyclic,integrality_focus,method,nodes_steiner,edges_steiner,cost_of_steiner_tree,cost_diff,time,time_diff
0,30,750,1500,True,"5,0.1",762.8661057309208,,0.001,,,nx,124,123,47.34516853273588,4.407896244390933,0.056584835052490234,-601.4311225414276
0,30,750,1500,True,"5,0.1",762.8661057309208,600.0,0.001,1.0,1.0,corneto,136,135,42.93727228834495,-4.407896244390933,601.4877073764801,601.4311225414276
