seed,n_terminals,graph_nodes,graph_edges,is_scale_free,scale_free_params,total_weight,max_time,tolerance,strict_acyclic,integrality_focus,method,nodes_steiner,edges_steiner,cost_of_steiner_tree,cost_diff,time,time_diff
0,20,250,500,True,"5,0.1",265.3799877305477,,0.0001,,,nx,50,49,20.020380050487542,2.4491731159098435,0.01176142692565918,-278.2317259311676
0,20,250,500,True,"5,0.1",265.3799877305477,600.0,0.0001,1.0,1.0,corneto,54,53,17.5712069345777,-2.4491731159098435,278.24348735809326,278.2317259311676
