seed,n_terminals,graph_nodes,graph_edges,is_scale_free,scale_free_params,total_weight,max_time,tolerance,strict_acyclic,integrality_focus,method,nodes_steiner,edges_steiner,cost_of_steiner_tree,cost_diff,time,time_diff
0,50,1250,2500,True,"5,0.1",1244.2833853175189,,0.001,,,nx,171,170,64.71059031116141,7.22342838230086,0.03533196449279785,-601.1176888942719
0,50,1250,2500,True,"5,0.1",1244.2833853175189,600.0,0.001,0.0,1.0,corneto,180,179,57.48716192886055,-7.22342838230086,601.1530208587646,601.1176888942719
