seed,n_terminals,graph_nodes,graph_edges,is_scale_free,scale_free_params,total_weight,max_time,tolerance,strict_acyclic,integrality_focus,method,nodes_steiner,edges_steiner,cost_of_steiner_tree,cost_diff,time,time_diff
0,30,1500,3000,True,"5,0.1",1492.8753186496638,,1e-05,,,nx,131,130,52.46966422188484,10.208038220282532,0.033736228942871094,-3667.0794653892517
0,30,1500,3000,True,"5,0.1",1492.8753186496638,7200.0,1e-05,1.0,1.0,corneto,134,133,42.26162600160231,-10.208038220282532,3667.1132016181946,3667.0794653892517
