seed,n_terminals,graph_nodes,graph_edges,is_scale_free,scale_free_params,total_weight,max_time,tolerance,strict_acyclic,integrality_focus,method,nodes_steiner,edges_steiner,cost_of_steiner_tree,cost_diff,time,time_diff
0,50,1000,1996,False,"5,0.1",995.89397281123,,1e-05,,,nx,103,102,29.487309971516396,3.9148328383061575,0.03816080093383789,-444.91088247299194
0,50,1000,1996,False,"5,0.1",995.89397281123,600.0,1e-05,1.0,1.0,corneto,110,109,25.57247713321024,-3.9148328383061575,444.9490432739258,444.91088247299194
