seed,n_terminals,graph_nodes,graph_edges,is_scale_free,scale_free_params,total_weight,max_time,tolerance,strict_acyclic,integrality_focus,method,nodes_steiner,edges_steiner,cost_of_steiner_tree,cost_diff,time,time_diff
0,30,1250,3741,False,"5,0.1",1855.7816953520746,,0.0001,,,nx,65,64,15.81967111723435,2.8920070192569227,0.04900002479553223,-830.6162569522858
0,30,1250,3741,False,"5,0.1",1855.7816953520746,7200.0,0.0001,1.0,1.0,corneto,71,70,12.927664097977427,-2.8920070192569227,830.6652569770813,830.6162569522858
