seed,n_terminals,graph_nodes,graph_edges,is_scale_free,scale_free_params,total_weight,max_time,tolerance,strict_acyclic,integrality_focus,method,nodes_steiner,edges_steiner,cost_of_steiner_tree,cost_diff,time,time_diff
0,50,1250,2500,True,"5,0.1",1244.2833853175189,,1e-05,,,nx,171,170,64.71059031116141,4.339660341290909,0.06267523765563965,-601.6880629062653
0,50,1250,2500,True,"5,0.1",1244.2833853175189,600.0,1e-05,1.0,1.0,corneto,180,179,60.3709299698705,-4.339660341290909,601.7507381439209,601.6880629062653
