seed,n_terminals,graph_nodes,graph_edges,is_scale_free,scale_free_params,total_weight,max_time,tolerance,strict_acyclic,integrality_focus,method,nodes_steiner,edges_steiner,cost_of_steiner_tree,cost_diff,time,time_diff
0,50,250,500,True,"5,0.1",265.3799877305477,,1e-05,,,nx,94,93,36.928075384504254,5.383322570274068,0.011972427368164062,-257.9591429233551
0,50,250,500,True,"5,0.1",265.3799877305477,7200.0,1e-05,1.0,1.0,corneto,99,98,31.544752814230186,-5.383322570274068,257.97111535072327,257.9591429233551
