seed,n_terminals,graph_nodes,graph_edges,is_scale_free,scale_free_params,total_weight,max_time,tolerance,strict_acyclic,integrality_focus,method,nodes_steiner,edges_steiner,cost_of_steiner_tree,cost_diff,time,time_diff
0,50,1250,3741,False,"5,0.1",1855.7816953520746,,1e-05,,,nx,118,117,25.994562154078587,5.379708295810282,0.07726645469665527,-1593.816882610321
0,50,1250,3741,False,"5,0.1",1855.7816953520746,7200.0,1e-05,0.0,1.0,corneto,120,119,20.614853858268305,-5.379708295810282,1593.8941490650177,1593.816882610321
