seed,n_terminals,graph_nodes,graph_edges,is_scale_free,scale_free_params,total_weight,max_time,tolerance,strict_acyclic,integrality_focus,method,nodes_steiner,edges_steiner,cost_of_steiner_tree,cost_diff,time,time_diff
0,50,250,496,False,"5,0.1",262.5574049545011,,0.001,,,nx,82,81,30.19319083810741,4.822222702049935,0.013554573059082031,-11.24623990058899
0,50,250,496,False,"5,0.1",262.5574049545011,600.0,0.001,1.0,1.0,corneto,85,84,25.370968136057474,-4.822222702049935,11.259794473648071,11.24623990058899
