seed,n_terminals,graph_nodes,graph_edges,is_scale_free,scale_free_params,total_weight,max_time,tolerance,strict_acyclic,integrality_focus,method,nodes_steiner,edges_steiner,cost_of_steiner_tree,cost_diff,time,time_diff
0,10,1250,3741,False,"5,0.1",1855.7816953520746,,1e-05,,,nx,35,34,4.17942475932607,0.7626209649031264,0.04479527473449707,-194.79289317131042
0,10,1250,3741,False,"5,0.1",1855.7816953520746,7200.0,1e-05,1.0,1.0,corneto,34,33,3.4168037944229432,-0.7626209649031264,194.83768844604492,194.79289317131042
