seed,n_terminals,graph_nodes,graph_edges,is_scale_free,scale_free_params,total_weight,max_time,tolerance,strict_acyclic,integrality_focus,method,nodes_steiner,edges_steiner,cost_of_steiner_tree,cost_diff,time,time_diff
0,20,1000,2000,True,"5,0.1",997.8282912803365,,0.001,,,nx,98,97,31.700616491425837,3.229375929621618,0.023220539093017578,-602.188417673111
0,20,1000,2000,True,"5,0.1",997.8282912803365,600.0,0.001,1.0,1.0,corneto,103,102,28.47124056180422,-3.229375929621618,602.211638212204,602.188417673111
