seed,n_terminals,graph_nodes,graph_edges,is_scale_free,scale_free_params,total_weight,max_time,tolerance,strict_acyclic,integrality_focus,method,nodes_steiner,edges_steiner,cost_of_steiner_tree,cost_diff,time,time_diff
0,20,1500,3000,True,"5,0.1",1492.8753186496638,,0.0001,,,nx,107,106,44.41289445425629,8.102483890676801,0.03442692756652832,-601.1856937408447
0,20,1500,3000,True,"5,0.1",1492.8753186496638,600.0,0.0001,0.0,1.0,corneto,112,111,36.31041056357949,-8.102483890676801,601.2201206684113,601.1856937408447
