seed,n_terminals,graph_nodes,graph_edges,is_scale_free,scale_free_params,total_weight,max_time,tolerance,strict_acyclic,integrality_focus,method,nodes_steiner,edges_steiner,cost_of_steiner_tree,cost_diff,time,time_diff
0,10,750,1500,True,"5,0.1",762.8661057309208,,0.001,,,nx,48,47,20.080491389235974,3.1157385986365966,0.030745983123779297,-600.8208465576172
0,10,750,1500,True,"5,0.1",762.8661057309208,600.0,0.001,0.0,1.0,corneto,51,50,16.964752790599377,-3.1157385986365966,600.851592540741,600.8208465576172
