seed,n_terminals,graph_nodes,graph_edges,is_scale_free,scale_free_params,total_weight,max_time,tolerance,strict_acyclic,integrality_focus,method,nodes_steiner,edges_steiner,cost_of_steiner_tree,cost_diff,time,time_diff
0,50,1500,3000,True,"5,0.1",1492.8753186496638,,0.0001,,,nx,221,220,78.31439137438971,19.890468466151532,0.038079261779785156,-600.7014076709747
0,50,1500,3000,True,"5,0.1",1492.8753186496638,600.0,0.0001,0.0,1.0,corneto,224,223,58.42392290823818,-19.890468466151532,600.7394869327545,600.7014076709747
