seed,n_terminals,graph_nodes,graph_edges,is_scale_free,scale_free_params,total_weight,max_time,tolerance,strict_acyclic,integrality_focus,method,nodes_steiner,edges_steiner,cost_of_steiner_tree,cost_diff,time,time_diff
0,30,1250,2496,False,"5,0.1",1242.4638225879603,,0.001,,,nx,66,65,20.312937214641877,1.4565759289007438,0.03360772132873535,-601.2227811813354
0,30,1250,2496,False,"5,0.1",1242.4638225879603,600.0,0.001,0.0,1.0,corneto,75,74,18.856361285741134,-1.4565759289007438,601.2563889026642,601.2227811813354
