seed,n_terminals,graph_nodes,graph_edges,is_scale_free,scale_free_params,total_weight,max_time,tolerance,strict_acyclic,integrality_focus,method,nodes_steiner,edges_steiner,cost_of_steiner_tree,cost_diff,time,time_diff
0,40,1250,2500,True,"5,0.1",1244.2833853175189,,1e-05,,,nx,175,174,61.77046280900755,8.573941001312825,0.06005239486694336,-602.108106136322
0,40,1250,2500,True,"5,0.1",1244.2833853175189,600.0,1e-05,1.0,1.0,corneto,181,180,53.19652180769472,-8.573941001312825,602.168158531189,602.108106136322
