seed,n_terminals,graph_nodes,graph_edges,is_scale_free,scale_free_params,total_weight,max_time,tolerance,strict_acyclic,integrality_focus,method,nodes_steiner,edges_steiner,cost_of_steiner_tree,cost_diff,time,time_diff
0,30,750,1496,False,"5,0.1",760.102371732413,,0.0001,,,nx,75,74,20.608929278985112,2.297612276289982,0.037195682525634766,-284.82524156570435
0,30,750,1496,False,"5,0.1",760.102371732413,600.0,0.0001,1.0,1.0,corneto,71,70,18.31131700269513,-2.297612276289982,284.86243724823,284.82524156570435
