seed,n_terminals,graph_nodes,graph_edges,is_scale_free,scale_free_params,total_weight,max_time,tolerance,strict_acyclic,integrality_focus,method,nodes_steiner,edges_steiner,cost_of_steiner_tree,cost_diff,time,time_diff
0,40,1250,2500,True,"5,0.1",1244.2833853175189,,0.001,,,nx,175,174,61.77046280900755,11.455864108279869,0.03310894966125488,-7201.030552864075
0,40,1250,2500,True,"5,0.1",1244.2833853175189,7200.0,0.001,0.0,1.0,corneto,171,170,50.31459870072768,-11.455864108279869,7201.063661813736,7201.030552864075
