seed,n_terminals,graph_nodes,graph_edges,is_scale_free,scale_free_params,total_weight,max_time,tolerance,strict_acyclic,integrality_focus,method,nodes_steiner,edges_steiner,cost_of_steiner_tree,cost_diff,time,time_diff
0,20,250,500,True,"5,0.1",265.3799877305477,,1e-05,,,nx,50,49,20.020380050487542,2.4491731159098435,0.009232044219970703,-167.6702516078949
0,20,250,500,True,"5,0.1",265.3799877305477,7200.0,1e-05,1.0,1.0,corneto,54,53,17.5712069345777,-2.4491731159098435,167.67948365211487,167.6702516078949
