seed,n_terminals,graph_nodes,graph_edges,is_scale_free,scale_free_params,total_weight,max_time,tolerance,strict_acyclic,integrality_focus,method,nodes_steiner,edges_steiner,cost_of_steiner_tree,cost_diff,time,time_diff
0,50,1250,2496,False,"5,0.1",1242.4638225879603,,0.0001,,,nx,113,112,38.80725025374793,8.91954445386672,0.04782915115356445,-600.7860598564148
0,50,1250,2496,False,"5,0.1",1242.4638225879603,600.0,0.0001,0.0,1.0,corneto,125,124,29.88770579988121,-8.91954445386672,600.8338890075684,600.7860598564148
