seed,n_terminals,graph_nodes,graph_edges,is_scale_free,scale_free_params,total_weight,max_time,tolerance,strict_acyclic,integrality_focus,method,nodes_steiner,edges_steiner,cost_of_steiner_tree,cost_diff,time,time_diff
0,50,250,500,True,"5,0.1",265.3799877305477,,0.001,,,nx,94,93,36.928075384504254,5.244689156934626,0.020276546478271484,-600.4815874099731
0,50,250,500,True,"5,0.1",265.3799877305477,600.0,0.001,0.0,1.0,corneto,99,98,31.683386227569628,-5.244689156934626,600.5018639564514,600.4815874099731
