seed,n_terminals,graph_nodes,graph_edges,is_scale_free,scale_free_params,total_weight,max_time,tolerance,strict_acyclic,integrality_focus,method,nodes_steiner,edges_steiner,cost_of_steiner_tree,cost_diff,time,time_diff
0,20,1250,2500,True,"5,0.1",1244.2833853175189,,1e-05,,,nx,101,100,32.10256157249235,3.8180130057593296,0.03399038314819336,-602.2633497714996
0,20,1250,2500,True,"5,0.1",1244.2833853175189,600.0,1e-05,1.0,1.0,corneto,113,112,28.28454856673302,-3.8180130057593296,602.2973401546478,602.2633497714996
