seed,n_terminals,graph_nodes,graph_edges,is_scale_free,scale_free_params,total_weight,max_time,tolerance,strict_acyclic,integrality_focus,method,nodes_steiner,edges_steiner,cost_of_steiner_tree,cost_diff,time,time_diff
0,10,1500,3000,True,"5,0.1",1492.8753186496638,,0.0001,,,nx,59,58,20.798653568604834,3.0661358517145842,0.04848933219909668,-4516.7566549777985
0,10,1500,3000,True,"5,0.1",1492.8753186496638,7200.0,0.0001,1.0,1.0,corneto,54,53,17.73251771689025,-3.0661358517145842,4516.805144309998,4516.7566549777985
