seed,n_terminals,graph_nodes,graph_edges,is_scale_free,scale_free_params,total_weight,max_time,tolerance,strict_acyclic,integrality_focus,method,nodes_steiner,edges_steiner,cost_of_steiner_tree,cost_diff,time,time_diff
0,50,500,1000,True,"5,0.1",516.9063382672537,,1e-05,,,nx,140,139,59.34656079702714,12.393759201068669,0.030286073684692383,-601.0611755847931
0,50,500,1000,True,"5,0.1",516.9063382672537,600.0,1e-05,0.0,1.0,corneto,144,143,46.95280159595847,-12.393759201068669,601.0914616584778,601.0611755847931
