seed,n_terminals,graph_nodes,graph_edges,is_scale_free,scale_free_params,total_weight,max_time,tolerance,strict_acyclic,integrality_focus,method,nodes_steiner,edges_steiner,cost_of_steiner_tree,cost_diff,time,time_diff
0,20,750,1496,False,"5,0.1",760.102371732413,,1e-05,,,nx,45,44,9.998683033993899,0.8513186321193515,0.019917726516723633,-36.623531103134155
0,20,750,1496,False,"5,0.1",760.102371732413,7200.0,1e-05,1.0,1.0,corneto,44,43,9.147364401874547,-0.8513186321193515,36.64344882965088,36.623531103134155
