seed,n_terminals,graph_nodes,graph_edges,is_scale_free,scale_free_params,total_weight,max_time,tolerance,strict_acyclic,integrality_focus,method,nodes_steiner,edges_steiner,cost_of_steiner_tree,cost_diff,time,time_diff
0,40,1500,3000,True,"5,0.1",1492.8753186496638,,1e-05,,,nx,169,168,64.57331221588326,11.112381874924857,0.03960251808166504,-7201.801687955856
0,40,1500,3000,True,"5,0.1",1492.8753186496638,7200.0,1e-05,1.0,1.0,corneto,170,169,53.460930340958406,-11.112381874924857,7201.841290473938,7201.801687955856
