seed,n_terminals,graph_nodes,graph_edges,is_scale_free,scale_free_params,total_weight,max_time,tolerance,strict_acyclic,integrality_focus,method,nodes_steiner,edges_steiner,cost_of_steiner_tree,cost_diff,time,time_diff
0,50,1000,2000,True,"5,0.1",997.8282912803365,,1e-05,,,nx,172,171,64.61432275717647,11.651267522730492,0.0296628475189209,-7201.461566209793
0,50,1000,2000,True,"5,0.1",997.8282912803365,7200.0,1e-05,0.0,1.0,corneto,177,176,52.963055234445974,-11.651267522730492,7201.491229057312,7201.461566209793
