seed,n_terminals,graph_nodes,graph_edges,is_scale_free,scale_free_params,total_weight,max_time,tolerance,strict_acyclic,integrality_focus,method,nodes_steiner,edges_steiner,cost_of_steiner_tree,cost_diff,time,time_diff
0,40,1250,3741,False,"5,0.1",1855.7816953520746,,1e-05,,,nx,106,105,22.740941803461688,4.970808128148956,0.0630044937133789,-6843.211009979248
0,40,1250,3741,False,"5,0.1",1855.7816953520746,7200.0,1e-05,0.0,1.0,corneto,107,106,17.77013367531273,-4.970808128148956,6843.274014472961,6843.211009979248
