seed,n_terminals,graph_nodes,graph_edges,is_scale_free,scale_free_params,total_weight,max_time,tolerance,strict_acyclic,integrality_focus,method,nodes_steiner,edges_steiner,cost_of_steiner_tree,cost_diff,time,time_diff
0,20,1250,2500,True,"5,0.1",1244.2833853175189,,0.0001,,,nx,101,100,32.10256157249235,4.446372979406256,0.026576757431030273,-602.2541706562042
0,20,1250,2500,True,"5,0.1",1244.2833853175189,600.0,0.0001,0.0,1.0,corneto,99,98,27.656188593086092,-4.446372979406256,602.2807474136353,602.2541706562042
