seed,n_terminals,graph_nodes,graph_edges,is_scale_free,scale_free_params,total_weight,max_time,tolerance,strict_acyclic,integrality_focus,method,nodes_steiner,edges_steiner,cost_of_steiner_tree,cost_diff,time,time_diff
0,10,750,2241,False,"5,0.1",1111.1886305508265,,0.0001,,,nx,29,28,5.802733858172021,1.3616457108281423,0.023597002029418945,-371.61530566215515
0,10,750,2241,False,"5,0.1",1111.1886305508265,7200.0,0.0001,1.0,1.0,corneto,28,27,4.441088147343879,-1.3616457108281423,371.63890266418457,371.61530566215515
