seed,n_terminals,graph_nodes,graph_edges,is_scale_free,scale_free_params,total_weight,max_time,tolerance,strict_acyclic,integrality_focus,method,nodes_steiner,edges_steiner,cost_of_steiner_tree,cost_diff,time,time_diff
0,20,250,500,True,"5,0.1",265.3799877305477,,0.001,,,nx,50,49,20.020380050487542,2.4491731159098435,0.011238336563110352,-7203.629512310028
0,20,250,500,True,"5,0.1",265.3799877305477,7200.0,0.001,0.0,1.0,corneto,54,53,17.5712069345777,-2.4491731159098435,7203.640750646591,7203.629512310028
