seed,n_terminals,graph_nodes,graph_edges,is_scale_free,scale_free_params,total_weight,max_time,tolerance,strict_acyclic,integrality_focus,method,nodes_steiner,edges_steiner,cost_of_steiner_tree,cost_diff,time,time_diff
0,40,1000,2991,False,"5,0.1",1489.3341465008364,,0.0001,,,nx,86,85,18.075583364619977,2.839120576173901,0.04988408088684082,-1370.6166694164276
0,40,1000,2991,False,"5,0.1",1489.3341465008364,7200.0,0.0001,1.0,1.0,corneto,99,98,15.236462788446076,-2.839120576173901,1370.6665534973145,1370.6166694164276
