seed,n_terminals,graph_nodes,graph_edges,is_scale_free,scale_free_params,total_weight,max_time,tolerance,strict_acyclic,integrality_focus,method,nodes_steiner,edges_steiner,cost_of_steiner_tree,cost_diff,time,time_diff
0,10,250,500,True,"5,0.1",265.3799877305477,,1e-05,,,nx,36,35,15.193449705066921,2.3621736836992895,0.008684635162353516,-212.1480495929718
0,10,250,500,True,"5,0.1",265.3799877305477,7200.0,1e-05,1.0,1.0,corneto,34,33,12.831276021367632,-2.3621736836992895,212.15673422813416,212.1480495929718
