seed,n_terminals,graph_nodes,graph_edges,is_scale_free,scale_free_params,total_weight,max_time,tolerance,strict_acyclic,integrality_focus,method,nodes_steiner,edges_steiner,cost_of_steiner_tree,cost_diff,time,time_diff
0,40,500,1000,True,"5,0.1",516.9063382672537,,0.001,,,nx,107,106,42.33499224961021,5.067023025303165,0.03621411323547363,-600.8643531799316
0,40,500,1000,True,"5,0.1",516.9063382672537,600.0,0.001,1.0,1.0,corneto,117,116,37.267969224307045,-5.067023025303165,600.9005672931671,600.8643531799316
