seed,n_terminals,graph_nodes,graph_edges,is_scale_free,scale_free_params,total_weight,max_time,tolerance,strict_acyclic,integrality_focus,method,nodes_steiner,edges_steiner,cost_of_steiner_tree,cost_diff,time,time_diff
0,20,1500,3000,True,"5,0.1",1492.8753186496638,,0.001,,,nx,107,106,44.41289445425629,10.090714218214494,0.03310513496398926,-7201.368342399597
0,20,1500,3000,True,"5,0.1",1492.8753186496638,7200.0,0.001,0.0,1.0,corneto,112,111,34.322180236041795,-10.090714218214494,7201.401447534561,7201.368342399597
