seed,n_terminals,graph_nodes,graph_edges,is_scale_free,scale_free_params,total_weight,max_time,tolerance,strict_acyclic,integrality_focus,method,nodes_steiner,edges_steiner,cost_of_steiner_tree,cost_diff,time,time_diff
0,50,1000,2000,True,"5,0.1",997.8282912803365,,0.001,,,nx,172,171,64.61432275717647,12.172690839830643,0.030102252960205078,-7201.15479016304
0,50,1000,2000,True,"5,0.1",997.8282912803365,7200.0,0.001,1.0,1.0,corneto,188,187,52.44163191734582,-12.172690839830643,7201.184892416,7201.15479016304
