seed,n_terminals,graph_nodes,graph_edges,is_scale_free,scale_free_params,total_weight,max_time,tolerance,strict_acyclic,integrality_focus,method,nodes_steiner,edges_steiner,cost_of_steiner_tree,cost_diff,time,time_diff
0,50,1250,2500,True,"5,0.1",1244.2833853175189,,0.0001,,,nx,171,170,64.71059031116141,8.637752898323626,0.034642696380615234,-7201.0329921245575
0,50,1250,2500,True,"5,0.1",1244.2833853175189,7200.0,0.0001,0.0,1.0,corneto,181,180,56.072837412837785,-8.637752898323626,7201.067634820938,7201.0329921245575
