seed,n_terminals,graph_nodes,graph_edges,is_scale_free,scale_free_params,total_weight,max_time,tolerance,strict_acyclic,integrality_focus,method,nodes_steiner,edges_steiner,cost_of_steiner_tree,cost_diff,time,time_diff
0,50,250,741,False,"5,0.1",384.8606265083903,,1e-05,,,nx,80,79,22.955759728515822,6.042257488379494,0.034932613372802734,-4636.021748304367
0,50,250,741,False,"5,0.1",384.8606265083903,7200.0,1e-05,0.0,1.0,corneto,87,86,16.913502240136328,-6.042257488379494,4636.05668091774,4636.021748304367
