seed,n_terminals,graph_nodes,graph_edges,is_scale_free,scale_free_params,total_weight,max_time,tolerance,strict_acyclic,integrality_focus,method,nodes_steiner,edges_steiner,cost_of_steiner_tree,cost_diff,time,time_diff
0,40,1000,2000,True,"5,0.1",997.8282912803365,,0.0001,,,nx,141,140,49.8209569492091,7.213784165799687,0.03407549858093262,-600.9802873134613
0,40,1000,2000,True,"5,0.1",997.8282912803365,600.0,0.0001,0.0,1.0,corneto,152,151,42.60717278340941,-7.213784165799687,601.0143628120422,600.9802873134613
