seed,n_terminals,graph_nodes,graph_edges,is_scale_free,scale_free_params,total_weight,max_time,tolerance,strict_acyclic,integrality_focus,method,nodes_steiner,edges_steiner,cost_of_steiner_tree,cost_diff,time,time_diff
0,50,1250,2500,True,"5,0.1",1244.2833853175189,,0.0001,,,nx,171,170,64.71059031116141,7.212722404208215,0.03450894355773926,-600.9611303806305
0,50,1250,2500,True,"5,0.1",1244.2833853175189,600.0,0.0001,0.0,1.0,corneto,179,178,57.497867906953196,-7.212722404208215,600.9956393241882,600.9611303806305
