seed,n_terminals,graph_nodes,graph_edges,is_scale_free,scale_free_params,total_weight,max_time,tolerance,strict_acyclic,integrality_focus,method,nodes_steiner,edges_steiner,cost_of_steiner_tree,cost_diff,time,time_diff
0,40,750,1500,True,"5,0.1",762.8661057309208,,1e-05,,,nx,149,148,59.14360090408991,12.004559398216493,0.025368452072143555,-5226.752415180206
0,40,750,1500,True,"5,0.1",762.8661057309208,7200.0,1e-05,0.0,1.0,corneto,161,160,47.139041505873415,-12.004559398216493,5226.777783632278,5226.752415180206
