seed,n_terminals,graph_nodes,graph_edges,is_scale_free,scale_free_params,total_weight,max_time,tolerance,strict_acyclic,integrality_focus,method,nodes_steiner,edges_steiner,cost_of_steiner_tree,cost_diff,time,time_diff
0,20,750,1500,True,"5,0.1",762.8661057309208,,0.001,,,nx,90,89,31.73932165907999,3.5059482298227707,0.019272565841674805,-601.1447169780731
0,20,750,1500,True,"5,0.1",762.8661057309208,600.0,0.001,1.0,1.0,corneto,86,85,28.23337342925722,-3.5059482298227707,601.1639895439148,601.1447169780731
