seed,n_terminals,graph_nodes,graph_edges,is_scale_free,scale_free_params,total_weight,max_time,tolerance,strict_acyclic,integrality_focus,method,nodes_steiner,edges_steiner,cost_of_steiner_tree,cost_diff,time,time_diff
0,10,500,996,False,"5,0.1",515.9000940215316,,1e-05,,,nx,27,26,7.860556397981235,1.0626563421035415,0.025132417678833008,-40.3131582736969
0,10,500,996,False,"5,0.1",515.9000940215316,7200.0,1e-05,1.0,1.0,corneto,29,28,6.797900055877694,-1.0626563421035415,40.33829069137573,40.3131582736969
