seed,n_terminals,graph_nodes,graph_edges,is_scale_free,scale_free_params,total_weight,max_time,tolerance,strict_acyclic,integrality_focus,method,nodes_steiner,edges_steiner,cost_of_steiner_tree,cost_diff,time,time_diff
0,40,1500,4491,False,"5,0.1",2236.7293810116294,,1e-05,,,nx,106,105,22.30934021426082,3.552098640968083,0.05921459197998047,-75.41904830932617
0,40,1500,4491,False,"5,0.1",2236.7293810116294,7200.0,1e-05,1.0,1.0,corneto,104,103,18.75724157329274,-3.552098640968083,75.47826290130615,75.41904830932617
