seed,n_terminals,graph_nodes,graph_edges,is_scale_free,scale_free_params,total_weight,max_time,tolerance,strict_acyclic,integrality_focus,method,nodes_steiner,edges_steiner,cost_of_steiner_tree,cost_diff,time,time_diff
0,30,1250,2496,False,"5,0.1",1242.4638225879603,,1e-05,,,nx,66,65,20.312937214641877,1.4565759289007438,0.0344691276550293,-6880.499313116074
0,30,1250,2496,False,"5,0.1",1242.4638225879603,7200.0,1e-05,0.0,1.0,corneto,75,74,18.856361285741134,-1.4565759289007438,6880.533782243729,6880.499313116074
