seed,n_terminals,graph_nodes,graph_edges,is_scale_free,scale_free_params,total_weight,max_time,tolerance,strict_acyclic,integrality_focus,method,nodes_steiner,edges_steiner,cost_of_steiner_tree,cost_diff,time,time_diff
0,20,1500,3000,True,"5,0.1",1492.8753186496638,,1e-05,,,nx,107,106,44.41289445425629,10.280846914143766,0.04603433609008789,-7201.493203401566
0,20,1500,3000,True,"5,0.1",1492.8753186496638,7200.0,1e-05,1.0,1.0,corneto,106,105,34.132047540112524,-10.280846914143766,7201.539237737656,7201.493203401566
