seed,n_terminals,graph_nodes,graph_edges,is_scale_free,scale_free_params,total_weight,max_time,tolerance,strict_acyclic,integrality_focus,method,nodes_steiner,edges_steiner,cost_of_steiner_tree,cost_diff,time,time_diff
0,10,750,1500,True,"5,0.1",762.8661057309208,,0.001,,,nx,48,47,20.080491389235974,3.2014333853955037,0.030843734741210938,-7200.883040189743
0,10,750,1500,True,"5,0.1",762.8661057309208,7200.0,0.001,0.0,1.0,corneto,53,52,16.87905800384047,-3.2014333853955037,7200.913883924484,7200.883040189743
