seed,n_terminals,graph_nodes,graph_edges,is_scale_free,scale_free_params,total_weight,max_time,tolerance,strict_acyclic,integrality_focus,method,nodes_steiner,edges_steiner,cost_of_steiner_tree,cost_diff,time,time_diff
0,30,1250,2500,True,"5,0.1",1244.2833853175189,,0.001,,,nx,147,146,56.638619074097846,10.478494658174839,0.031461238861083984,-601.7145638465881
0,30,1250,2500,True,"5,0.1",1244.2833853175189,600.0,0.001,1.0,1.0,corneto,163,162,46.16012441592301,-10.478494658174839,601.7460250854492,601.7145638465881
