seed,n_terminals,graph_nodes,graph_edges,is_scale_free,scale_free_params,total_weight,max_time,tolerance,strict_acyclic,integrality_focus,method,nodes_steiner,edges_steiner,cost_of_steiner_tree,cost_diff,time,time_diff
0,50,1000,2000,True,"5,0.1",997.8282912803365,,0.0001,,,nx,172,171,64.61432275717647,10.553216692559445,0.04423809051513672,-600.8721187114716
0,50,1000,2000,True,"5,0.1",997.8282912803365,600.0,0.0001,0.0,1.0,corneto,184,183,54.06110606461702,-10.553216692559445,600.9163568019867,600.8721187114716
