seed,n_terminals,graph_nodes,graph_edges,is_scale_free,scale_free_params,total_weight,max_time,tolerance,strict_acyclic,integrality_focus,method,nodes_steiner,edges_steiner,cost_of_steiner_tree,cost_diff,time,time_diff
0,50,1500,3000,True,"5,0.1",1492.8753186496638,,0.0001,,,nx,221,220,78.31439137438971,20.029590699670287,0.0417940616607666,-7200.908624649048
0,50,1500,3000,True,"5,0.1",1492.8753186496638,7200.0,0.0001,0.0,1.0,corneto,222,221,58.28480067471943,-20.029590699670287,7200.950418710709,7200.908624649048
