seed,n_terminals,graph_nodes,graph_edges,is_scale_free,scale_free_params,total_weight,max_time,tolerance,strict_acyclic,integrality_focus,method,nodes_steiner,edges_steiner,cost_of_steiner_tree,cost_diff,time,time_diff
0,40,1500,3000,True,"5,0.1",1492.8753186496638,,1e-05,,,nx,169,168,64.57331221588326,10.150925867006222,0.03428483009338379,-601.234751701355
0,40,1500,3000,True,"5,0.1",1492.8753186496638,600.0,1e-05,1.0,1.0,corneto,176,175,54.42238634887704,-10.150925867006222,601.2690365314484,601.234751701355
