seed,n_terminals,graph_nodes,graph_edges,is_scale_free,scale_free_params,total_weight,max_time,tolerance,strict_acyclic,integrality_focus,method,nodes_steiner,edges_steiner,cost_of_steiner_tree,cost_diff,time,time_diff
0,50,500,1491,False,"5,0.1",757.327884912671,,0.0001,,,nx,97,96,22.376063626990224,4.598473376699108,0.037470340728759766,-421.86143016815186
0,50,500,1491,False,"5,0.1",757.327884912671,7200.0,0.0001,1.0,1.0,corneto,101,100,17.777590250291116,-4.598473376699108,421.8989005088806,421.86143016815186
