seed,n_terminals,graph_nodes,graph_edges,is_scale_free,scale_free_params,total_weight,max_time,tolerance,strict_acyclic,integrality_focus,method,nodes_steiner,edges_steiner,cost_of_steiner_tree,cost_diff,time,time_diff
0,50,250,500,True,"5,0.1",265.3799877305477,,0.0001,,,nx,94,93,36.928075384504254,5.383322570274068,0.011714458465576172,-7202.960290193558
0,50,250,500,True,"5,0.1",265.3799877305477,7200.0,0.0001,0.0,1.0,corneto,99,98,31.544752814230186,-5.383322570274068,7202.972004652023,7202.960290193558
