seed,n_terminals,graph_nodes,graph_edges,is_scale_free,scale_free_params,total_weight,max_time,tolerance,strict_acyclic,integrality_focus,method,nodes_steiner,edges_steiner,cost_of_steiner_tree,cost_diff,time,time_diff
0,30,1250,2500,True,"5,0.1",1244.2833853175189,,1e-05,,,nx,147,146,56.638619074097846,10.29605450469456,0.03087306022644043,-600.9386537075043
0,30,1250,2500,True,"5,0.1",1244.2833853175189,600.0,1e-05,0.0,1.0,corneto,156,155,46.34256456940329,-10.29605450469456,600.9695267677307,600.9386537075043
