seed,n_terminals,graph_nodes,graph_edges,is_scale_free,scale_free_params,total_weight,max_time,tolerance,strict_acyclic,integrality_focus,method,nodes_steiner,edges_steiner,cost_of_steiner_tree,cost_diff,time,time_diff
0,10,500,1000,True,"5,0.1",516.9063382672537,,0.001,,,nx,46,45,13.141946404997187,1.932331954842823,0.01405191421508789,-6583.08863401413
0,10,500,1000,True,"5,0.1",516.9063382672537,7200.0,0.001,0.0,1.0,corneto,45,44,11.209614450154364,-1.932331954842823,6583.102685928345,6583.08863401413
