seed,n_terminals,graph_nodes,graph_edges,is_scale_free,scale_free_params,total_weight,max_time,tolerance,strict_acyclic,integrality_focus,method,nodes_steiner,edges_steiner,cost_of_steiner_tree,cost_diff,time,time_diff
0,40,500,996,False,"5,0.1",515.9000940215316,,0.0001,,,nx,82,81,26.598222142948263,3.6284290087624917,0.02214503288269043,-180.24000668525696
0,40,500,996,False,"5,0.1",515.9000940215316,600.0,0.0001,1.0,1.0,corneto,87,86,22.96979313418577,-3.6284290087624917,180.26215171813965,180.24000668525696
