seed,n_terminals,graph_nodes,graph_edges,is_scale_free,scale_free_params,total_weight,max_time,tolerance,strict_acyclic,integrality_focus,method,nodes_steiner,edges_steiner,cost_of_steiner_tree,cost_diff,time,time_diff
0,40,1500,3000,True,"5,0.1",1492.8753186496638,,0.0001,,,nx,169,168,64.57331221588326,6.919287571343737,0.0419771671295166,-601.2555432319641
0,40,1500,3000,True,"5,0.1",1492.8753186496638,600.0,0.0001,0.0,1.0,corneto,204,203,57.654024644539525,-6.919287571343737,601.2975203990936,601.2555432319641
