seed,n_terminals,graph_nodes,graph_edges,is_scale_free,scale_free_params,total_weight,max_time,tolerance,strict_acyclic,integrality_focus,method,nodes_steiner,edges_steiner,cost_of_steiner_tree,cost_diff,time,time_diff
0,30,1000,2000,True,"5,0.1",997.8282912803365,,0.001,,,nx,130,129,43.68777323768125,7.774917813537094,0.02578139305114746,-602.2387516498566
0,30,1000,2000,True,"5,0.1",997.8282912803365,600.0,0.001,1.0,1.0,corneto,121,120,35.912855424144155,-7.774917813537094,602.2645330429077,602.2387516498566
