seed,n_terminals,graph_nodes,graph_edges,is_scale_free,scale_free_params,total_weight,max_time,tolerance,strict_acyclic,integrality_focus,method,nodes_steiner,edges_steiner,cost_of_steiner_tree,cost_diff,time,time_diff
0,10,1250,3741,False,"5,0.1",1855.7816953520746,,0.0001,,,nx,35,34,4.17942475932607,0.7626209649031264,0.07442021369934082,-538.5982422828674
0,10,1250,3741,False,"5,0.1",1855.7816953520746,7200.0,0.0001,0.0,1.0,corneto,34,33,3.4168037944229432,-0.7626209649031264,538.6726624965668,538.5982422828674
