seed,n_terminals,graph_nodes,graph_edges,is_scale_free,scale_free_params,total_weight,max_time,tolerance,strict_acyclic,integrality_focus,method,nodes_steiner,edges_steiner,cost_of_steiner_tree,cost_diff,time,time_diff
0,20,500,1491,False,"5,0.1",757.327884912671,,0.001,,,nx,43,42,8.970900958765249,0.5839564862829789,0.0384373664855957,-116.48587369918823
0,20,500,1491,False,"5,0.1",757.327884912671,7200.0,0.001,0.0,1.0,corneto,44,43,8.38694447248227,-0.5839564862829789,116.52431106567383,116.48587369918823
