seed,n_terminals,graph_nodes,graph_edges,is_scale_free,scale_free_params,total_weight,max_time,tolerance,strict_acyclic,integrality_focus,method,nodes_steiner,edges_steiner,cost_of_steiner_tree,cost_diff,time,time_diff
0,30,1000,2991,False,"5,0.1",1489.3341465008364,,1e-05,,,nx,85,84,15.951722086955556,3.1124210128726073,0.04417705535888672,-1102.898262500763
0,30,1000,2991,False,"5,0.1",1489.3341465008364,7200.0,1e-05,1.0,1.0,corneto,79,78,12.839301074082949,-3.1124210128726073,1102.9424395561218,1102.898262500763
