seed,n_terminals,graph_nodes,graph_edges,is_scale_free,scale_free_params,total_weight,max_time,tolerance,strict_acyclic,integrality_focus,method,nodes_steiner,edges_steiner,cost_of_steiner_tree,cost_diff,time,time_diff
0,10,1500,3000,True,"5,0.1",1492.8753186496638,,0.0001,,,nx,59,58,20.798653568604834,1.9706813776652972,0.05298423767089844,-601.7919132709503
0,10,1500,3000,True,"5,0.1",1492.8753186496638,600.0,0.0001,1.0,1.0,corneto,58,57,18.827972190939537,-1.9706813776652972,601.8448975086212,601.7919132709503
