seed,n_terminals,graph_nodes,graph_edges,is_scale_free,scale_free_params,total_weight,max_time,tolerance,strict_acyclic,integrality_focus,method,nodes_steiner,edges_steiner,cost_of_steiner_tree,cost_diff,time,time_diff
0,30,1000,2000,True,"5,0.1",997.8282912803365,,0.001,,,nx,130,129,43.68777323768125,8.181764518574859,0.024987459182739258,-7201.209669828415
0,30,1000,2000,True,"5,0.1",997.8282912803365,7200.0,0.001,1.0,1.0,corneto,121,120,35.50600871910639,-8.181764518574859,7201.234657287598,7201.209669828415
