seed,n_terminals,graph_nodes,graph_edges,is_scale_free,scale_free_params,total_weight,max_time,tolerance,strict_acyclic,integrality_focus,method,nodes_steiner,edges_steiner,cost_of_steiner_tree,cost_diff,time,time_diff
0,40,500,1491,False,"5,0.1",757.327884912671,,0.001,,,nx,80,79,18.59727285796637,3.3267639701515783,0.03397631645202637,-335.6596236228943
0,40,500,1491,False,"5,0.1",757.327884912671,7200.0,0.001,1.0,1.0,corneto,87,86,15.270508887814792,-3.3267639701515783,335.6935999393463,335.6596236228943
