{"task_id": 355, "noise": 2.0, "test_frac": 0.6, "lambd": 0.5, "rmse": 0.26762057020171814, "rmse_impute": 5.275678226361304}