{"task_id": 352, "noise": 2.0, "test_frac": 0.6, "lambd": 0.0, "rmse": 2.940675473734076, "rmse_impute": 5.275678226361304}