{"task_id": 297, "noise": 1.0, "test_frac": 0.7, "lambd": 0.01, "rmse": 3.36815113698855, "rmse_impute": 5.837985173412225}