{"task_id": 339, "noise": 2.0, "test_frac": 0.4, "lambd": 0.5, "rmse": 0.4531545530651744, "rmse_impute": 5.934122419417744}