{"task_id": 394, "noise": 5.0, "test_frac": 0.3, "lambd": 0.1, "rmse": 1.2122352268501242, "rmse_impute": 6.389055600491082}