{"task_id": 204, "noise": 0.5, "test_frac": 0.3, "lambd": 1.0, "rmse": 0.19589781773624068, "rmse_impute": 5.887295129424345}