{"task_id": 24, "noise": 0.0, "test_frac": 0.5, "lambd": 0.0, "rmse": 2.4629016235047985, "rmse_impute": 5.257350078795698}