{"task_id": 76, "noise": 0.05, "test_frac": 0.3, "lambd": 1.0, "rmse": 0.17755777692675692, "rmse_impute": 5.86615897833404}