{"task_id": 57, "noise": 0.0, "test_frac": 0.9, "lambd": 0.01, "rmse": 5.000825468814318, "rmse_impute": 6.7781854305500095}