{"task_id": 15, "noise": 0.0, "test_frac": 0.3, "lambd": 10.0, "rmse": 0.17590606106213147, "rmse_impute": 5.864157555444309}