{"task_id": 288, "noise": 1.0, "test_frac": 0.6, "lambd": 0.0, "rmse": 2.8554573258520346, "rmse_impute": 5.164086539488267}