{"task_id": 351, "noise": 2.0, "test_frac": 0.5, "lambd": 10.0, "rmse": 7.621279163480256, "rmse_impute": 5.3998980685102}