{"task_id": 395, "noise": 5.0, "test_frac": 0.3, "lambd": 0.5, "rmse": 4.15102791003493, "rmse_impute": 6.389055600491082}