{"task_id": 416, "noise": 5.0, "test_frac": 0.6, "lambd": 0.0, "rmse": 3.376980970599271, "rmse_impute": 5.943097918530763}