{"task_id": 30, "noise": 0.0, "test_frac": 0.5, "lambd": 5.0, "rmse": 0.16890856501957505, "rmse_impute": 5.257350078795698}