{"task_id": 285, "noise": 1.0, "test_frac": 0.5, "lambd": 2.0, "rmse": 0.20049526623792904, "rmse_impute": 5.304174382667232}