{"task_id": 31, "noise": 0.0, "test_frac": 0.5, "lambd": 10.0, "rmse": 0.16890705052243923, "rmse_impute": 5.257350078795698}