{"task_id": 246, "noise": 0.5, "test_frac": 0.8, "lambd": 5.0, "rmse": 7.528184576235913, "rmse_impute": 5.199053796645469}