{"task_id": 306, "noise": 1.0, "test_frac": 0.8, "lambd": 0.1, "rmse": 0.4863526818231598, "rmse_impute": 5.2357949789542575}