{"task_id": 180, "noise": 0.1, "test_frac": 0.8, "lambd": 1.0, "rmse": 4.118959542718612, "rmse_impute": 5.189775231156324}