{"task_id": 29, "noise": 0.0, "test_frac": 0.5, "lambd": 2.0, "rmse": 0.1689100341806363, "rmse_impute": 5.257350078795698}