{"task_id": 23, "noise": 0.0, "test_frac": 0.4, "lambd": 10.0, "rmse": 0.16800539725757263, "rmse_impute": 5.807782953905766}