{"task_id": 440, "noise": 5.0, "test_frac": 0.9, "lambd": 0.0, "rmse": 7.027835099908605, "rmse_impute": 7.680646687184063}