{"task_id": 206, "noise": 0.5, "test_frac": 0.3, "lambd": 5.0, "rmse": 0.19554851506790522, "rmse_impute": 5.887295129424345}