{"task_id": 190, "noise": 0.1, "test_frac": 0.9, "lambd": 5.0, "rmse": 7.05983904553959, "rmse_impute": 6.7686972552328815}