{"task_id": 48, "noise": 0.0, "test_frac": 0.8, "lambd": 0.0, "rmse": 4.0153912916290935, "rmse_impute": 5.190267753999115}