{"task_id": 159, "noise": 0.1, "test_frac": 0.5, "lambd": 10.0, "rmse": 0.17018851682162087, "rmse_impute": 5.259784128496524}