{"task_id": 154, "noise": 0.1, "test_frac": 0.5, "lambd": 0.1, "rmse": 2.4636990572919277, "rmse_impute": 5.259784128496524}