{"task_id": 81, "noise": 0.05, "test_frac": 0.4, "lambd": 0.01, "rmse": 0.00900330029438542, "rmse_impute": 5.80936170151119}