{"task_id": 20, "noise": 0.0, "test_frac": 0.4, "lambd": 1.0, "rmse": 1.3754417398110794e-09, "rmse_impute": 5.807782953905766}