{"task_id": 238, "noise": 0.5, "test_frac": 0.7, "lambd": 5.0, "rmse": 0.17569604004725128, "rmse_impute": 5.798275821442826}