{"task_id": 167, "noise": 0.1, "test_frac": 0.6, "lambd": 10.0, "rmse": 0.16797564391378572, "rmse_impute": 5.11744583402235}