{"task_id": 405, "noise": 5.0, "test_frac": 0.4, "lambd": 2.0, "rmse": 0.7104007676992012, "rmse_impute": 6.350041352631317}