{"task_id": 372, "noise": 2.0, "test_frac": 0.8, "lambd": 1.0, "rmse": 0.27554708018038493, "rmse_impute": 5.390422005850322}