{"task_id": 130, "noise": 0.1, "test_frac": 0.2, "lambd": 0.1, "rmse": 0.01505307647328174, "rmse_impute": 4.712778851702806}