{"task_id": 261, "noise": 1.0, "test_frac": 0.2, "lambd": 2.0, "rmse": 0.2422799281144369, "rmse_impute": 4.7118064142297085}