{"task_id": 228, "noise": 0.5, "test_frac": 0.6, "lambd": 1.0, "rmse": 0.17451713020415624, "rmse_impute": 5.131747802587323}