{"task_id": 98, "noise": 0.05, "test_frac": 0.6, "lambd": 0.1, "rmse": 0.007536642708725774, "rmse_impute": 5.116386922875807}