{"task_id": 91, "noise": 0.05, "test_frac": 0.5, "lambd": 0.5, "rmse": 0.16790355844455507, "rmse_impute": 5.25850424010015}