{"task_id": 326, "noise": 2.0, "test_frac": 0.2, "lambd": 5.0, "rmse": 0.3185422689573197, "rmse_impute": 4.740387960260001}