{"task_id": 123, "noise": 0.05, "test_frac": 0.9, "lambd": 0.5, "rmse": 2.320439610306245, "rmse_impute": 6.773296306591605}