{"task_id": 223, "noise": 0.5, "test_frac": 0.5, "lambd": 10.0, "rmse": 7.621279163480257, "rmse_impute": 5.274536539986228}