{"task_id": 80, "noise": 0.05, "test_frac": 0.4, "lambd": 0.0, "rmse": 0.03956898092551071, "rmse_impute": 5.80936170151119}