{"task_id": 19, "noise": 0.0, "test_frac": 0.4, "lambd": 0.5, "rmse": 2.825381882819782e-11, "rmse_impute": 5.807782953905766}