{"task_id": 445, "noise": 5.0, "test_frac": 0.9, "lambd": 2.0, "rmse": 7.0598390418751285, "rmse_impute": 7.680646687184063}