{"task_id": 316, "noise": 1.0, "test_frac": 0.9, "lambd": 1.0, "rmse": 4.08694153653346, "rmse_impute": 6.736012527998314}