{"task_id": 66, "noise": 0.05, "test_frac": 0.2, "lambd": 0.1, "rmse": 0.007868757395733159, "rmse_impute": 4.713576370258824}