{"task_id": 181, "noise": 0.1, "test_frac": 0.8, "lambd": 2.0, "rmse": 6.238059020298875, "rmse_impute": 5.189775231156324}