{"task_id": 220, "noise": 0.5, "test_frac": 0.5, "lambd": 1.0, "rmse": 0.1801649047630656, "rmse_impute": 5.274536539986228}