{"task_id": 67, "noise": 0.05, "test_frac": 0.2, "lambd": 0.5, "rmse": 0.007524686018825904, "rmse_impute": 4.713576370258824}