{"task_id": 264, "noise": 1.0, "test_frac": 0.3, "lambd": 0.0, "rmse": 0.38088134860153083, "rmse_impute": 5.917317651847501}