{"task_id": 166, "noise": 0.1, "test_frac": 0.6, "lambd": 5.0, "rmse": 0.1702890286980987, "rmse_impute": 5.11744583402235}