{"task_id": 40, "noise": 0.0, "test_frac": 0.7, "lambd": 0.0, "rmse": 3.329363073244139, "rmse_impute": 5.7778149084172385}