{"task_id": 46, "noise": 0.0, "test_frac": 0.7, "lambd": 5.0, "rmse": 0.17268601932721825, "rmse_impute": 5.7778149084172385}