{"task_id": 146, "noise": 0.1, "test_frac": 0.4, "lambd": 0.1, "rmse": 0.016553431838990745, "rmse_impute": 5.811022737639585}