{"task_id": 262, "noise": 1.0, "test_frac": 0.2, "lambd": 5.0, "rmse": 0.24230473253527904, "rmse_impute": 4.7118064142297085}