{"task_id": 428, "noise": 5.0, "test_frac": 0.7, "lambd": 1.0, "rmse": 0.7187204359431338, "rmse_impute": 6.773936364868786}