{"task_id": 52, "noise": 0.0, "test_frac": 0.8, "lambd": 1.0, "rmse": 0.17170167287692958, "rmse_impute": 5.190267753999115}