{"task_id": 157, "noise": 0.1, "test_frac": 0.5, "lambd": 2.0, "rmse": 0.17041368808029767, "rmse_impute": 5.259784128496524}