{"task_id": 236, "noise": 0.5, "test_frac": 0.7, "lambd": 1.0, "rmse": 0.17546626971178508, "rmse_impute": 5.798275821442826}