{"task_id": 324, "noise": 2.0, "test_frac": 0.2, "lambd": 1.0, "rmse": 7.371336026403615, "rmse_impute": 4.740387960260001}