{"task_id": 213, "noise": 0.5, "test_frac": 0.4, "lambd": 2.0, "rmse": 8.322204294932218, "rmse_impute": 5.827264237274224}