{"task_id": 406, "noise": 5.0, "test_frac": 0.4, "lambd": 5.0, "rmse": 0.710484259378783, "rmse_impute": 6.350041352631317}