{"task_id": 171, "noise": 0.1, "test_frac": 0.7, "lambd": 0.5, "rmse": 0.17188254894179147, "rmse_impute": 5.7803546355928965}