{"task_id": 169, "noise": 0.1, "test_frac": 0.7, "lambd": 0.01, "rmse": 3.31608576274143, "rmse_impute": 5.7803546355928965}