{"task_id": 218, "noise": 0.5, "test_frac": 0.5, "lambd": 0.1, "rmse": 0.08623901366770677, "rmse_impute": 5.274536539986228}