{"task_id": 86, "noise": 0.05, "test_frac": 0.4, "lambd": 5.0, "rmse": 0.16916896300565912, "rmse_impute": 5.80936170151119}