{"task_id": 299, "noise": 1.0, "test_frac": 0.7, "lambd": 0.5, "rmse": 0.19415587006013063, "rmse_impute": 5.837985173412225}