{"task_id": 245, "noise": 0.5, "test_frac": 0.8, "lambd": 2.0, "rmse": 0.17867156528182768, "rmse_impute": 5.199053796645469}