{"task_id": 72, "noise": 0.05, "test_frac": 0.3, "lambd": 0.0, "rmse": 0.023510806884174396, "rmse_impute": 5.86615897833404}