{"task_id": 302, "noise": 1.0, "test_frac": 0.7, "lambd": 5.0, "rmse": 0.19395512721621425, "rmse_impute": 5.837985173412225}