{"task_id": 283, "noise": 1.0, "test_frac": 0.5, "lambd": 0.5, "rmse": 0.21600385499376218, "rmse_impute": 5.304174382667232}