{"task_id": 209, "noise": 0.5, "test_frac": 0.4, "lambd": 0.01, "rmse": 0.2868346096126551, "rmse_impute": 5.827264237274224}