{"task_id": 422, "noise": 5.0, "test_frac": 0.6, "lambd": 5.0, "rmse": 7.40947479934484, "rmse_impute": 5.943097918530763}