{"task_id": 162, "noise": 0.1, "test_frac": 0.6, "lambd": 0.1, "rmse": 0.016283401841655557, "rmse_impute": 5.11744583402235}