{"task_id": 211, "noise": 0.5, "test_frac": 0.4, "lambd": 0.5, "rmse": 0.18310077619590936, "rmse_impute": 5.827264237274224}