{"task_id": 216, "noise": 0.5, "test_frac": 0.5, "lambd": 0.0, "rmse": 2.4776764249902286, "rmse_impute": 5.274536539986228}