{"task_id": 140, "noise": 0.1, "test_frac": 0.3, "lambd": 1.0, "rmse": 0.05758025045675747, "rmse_impute": 5.868230016330657}