{"task_id": 94, "noise": 0.05, "test_frac": 0.5, "lambd": 5.0, "rmse": 0.16988634481873358, "rmse_impute": 5.25850424010015}