{"task_id": 194, "noise": 0.5, "test_frac": 0.2, "lambd": 0.1, "rmse": 0.08383149606249622, "rmse_impute": 4.709214544297019}