{"task_id": 345, "noise": 2.0, "test_frac": 0.5, "lambd": 0.01, "rmse": 2.6080070223673704, "rmse_impute": 5.3998980685102}