{"task_id": 221, "noise": 0.5, "test_frac": 0.5, "lambd": 2.0, "rmse": 0.18016410940173952, "rmse_impute": 5.274536539986228}