{"task_id": 54, "noise": 0.0, "test_frac": 0.8, "lambd": 5.0, "rmse": 0.1716421613550734, "rmse_impute": 5.190267753999115}