{"task_id": 419, "noise": 5.0, "test_frac": 0.6, "lambd": 0.5, "rmse": 7.176187938883258, "rmse_impute": 5.943097918530763}