{"task_id": 174, "noise": 0.1, "test_frac": 0.7, "lambd": 5.0, "rmse": 7.088834792231695, "rmse_impute": 5.7803546355928965}