{"task_id": 65, "noise": 0.05, "test_frac": 0.2, "lambd": 0.01, "rmse": 0.00752693926578398, "rmse_impute": 4.713576370258824}