{"task_id": 45, "noise": 0.0, "test_frac": 0.7, "lambd": 2.0, "rmse": 0.1727898503763738, "rmse_impute": 5.7778149084172385}