{"task_id": 177, "noise": 0.1, "test_frac": 0.8, "lambd": 0.01, "rmse": 3.8139573661484776, "rmse_impute": 5.189775231156324}