{"task_id": 414, "noise": 5.0, "test_frac": 0.5, "lambd": 5.0, "rmse": 0.4930191185187366, "rmse_impute": 5.950914415695368}