{"task_id": 309, "noise": 1.0, "test_frac": 0.8, "lambd": 2.0, "rmse": 0.20842483781654958, "rmse_impute": 5.2357949789542575}