{"task_id": 420, "noise": 5.0, "test_frac": 0.6, "lambd": 1.0, "rmse": 0.7503626000976183, "rmse_impute": 5.943097918530763}