{"task_id": 381, "noise": 2.0, "test_frac": 0.9, "lambd": 2.0, "rmse": 7.059839040861058, "rmse_impute": 6.81129590318966}