{"task_id": 191, "noise": 0.1, "test_frac": 0.9, "lambd": 10.0, "rmse": 7.059839040860611, "rmse_impute": 6.7686972552328815}