{"task_id": 286, "noise": 1.0, "test_frac": 0.5, "lambd": 5.0, "rmse": 5.380767994956344, "rmse_impute": 5.304174382667232}