{"task_id": 16, "noise": 0.0, "test_frac": 0.4, "lambd": 0.0, "rmse": 0.009618902468336446, "rmse_impute": 5.807782953905766}