{"task_id": 231, "noise": 0.5, "test_frac": 0.6, "lambd": 10.0, "rmse": 0.17457202611566527, "rmse_impute": 5.131747802587323}