{"task_id": 375, "noise": 2.0, "test_frac": 0.8, "lambd": 10.0, "rmse": 6.955031973439179, "rmse_impute": 5.390422005850322}