{"task_id": 369, "noise": 2.0, "test_frac": 0.8, "lambd": 0.01, "rmse": 4.436790978294569, "rmse_impute": 5.390422005850322}