{"task_id": 106, "noise": 0.05, "test_frac": 0.7, "lambd": 0.1, "rmse": 0.010559197133735867, "rmse_impute": 5.77898748567473}