{"task_id": 10, "noise": 0.0, "test_frac": 0.3, "lambd": 0.1, "rmse": 2.733885905617812e-08, "rmse_impute": 5.864157555444309}