{"task_id": 33, "noise": 0.0, "test_frac": 0.6, "lambd": 0.01, "rmse": 2.80582173809208, "rmse_impute": 5.11549040005087}