{"task_id": 136, "noise": 0.1, "test_frac": 0.3, "lambd": 0.0, "rmse": 0.04606356225489316, "rmse_impute": 5.868230016330657}