{"task_id": 399, "noise": 5.0, "test_frac": 0.3, "lambd": 10.0, "rmse": 8.11023843282993, "rmse_impute": 6.389055600491082}