{"task_id": 413, "noise": 5.0, "test_frac": 0.5, "lambd": 2.0, "rmse": 1.2655480349734554, "rmse_impute": 5.950914415695368}