{"task_id": 269, "noise": 1.0, "test_frac": 0.3, "lambd": 2.0, "rmse": 0.2237585780176432, "rmse_impute": 5.917317651847501}