{"task_id": 186, "noise": 0.1, "test_frac": 0.9, "lambd": 0.1, "rmse": 5.786060780193423, "rmse_impute": 6.7686972552328815}