{"task_id": 219, "noise": 0.5, "test_frac": 0.5, "lambd": 0.5, "rmse": 0.18015963730437304, "rmse_impute": 5.274536539986228}