{"task_id": 148, "noise": 0.1, "test_frac": 0.4, "lambd": 1.0, "rmse": 0.1426351956132601, "rmse_impute": 5.811022737639585}