{"task_id": 240, "noise": 0.5, "test_frac": 0.8, "lambd": 0.0, "rmse": 4.080535134269626, "rmse_impute": 5.199053796645469}