{"task_id": 278, "noise": 1.0, "test_frac": 0.4, "lambd": 5.0, "rmse": 8.322204294931195, "rmse_impute": 5.854896075048675}