{"task_id": 400, "noise": 5.0, "test_frac": 0.4, "lambd": 0.0, "rmse": 2.794797391978795, "rmse_impute": 6.350041352631317}