{"task_id": 243, "noise": 0.5, "test_frac": 0.8, "lambd": 0.5, "rmse": 0.18031285064699795, "rmse_impute": 5.199053796645469}