{"task_id": 185, "noise": 0.1, "test_frac": 0.9, "lambd": 0.01, "rmse": 5.590915046213826, "rmse_impute": 6.7686972552328815}