{"task_id": 49, "noise": 0.0, "test_frac": 0.8, "lambd": 0.01, "rmse": 3.110171627878318, "rmse_impute": 5.190267753999115}