{"task_id": 425, "noise": 5.0, "test_frac": 0.7, "lambd": 0.01, "rmse": 3.790853578251038, "rmse_impute": 6.773936364868786}