{"task_id": 83, "noise": 0.05, "test_frac": 0.4, "lambd": 0.5, "rmse": 0.008463867689036153, "rmse_impute": 5.80936170151119}