{"task_id": 308, "noise": 1.0, "test_frac": 0.8, "lambd": 1.0, "rmse": 0.20122958081004136, "rmse_impute": 5.2357949789542575}