{"task_id": 227, "noise": 0.5, "test_frac": 0.6, "lambd": 0.5, "rmse": 0.1744995132255132, "rmse_impute": 5.131747802587323}