{"task_id": 432, "noise": 5.0, "test_frac": 0.8, "lambd": 0.0, "rmse": 5.571821099724137, "rmse_impute": 6.402853601022988}