{"task_id": 168, "noise": 0.1, "test_frac": 0.7, "lambd": 0.0, "rmse": 3.3326258210646404, "rmse_impute": 5.7803546355928965}