{"task_id": 153, "noise": 0.1, "test_frac": 0.5, "lambd": 0.01, "rmse": 2.4629144819303948, "rmse_impute": 5.259784128496524}