{"task_id": 192, "noise": 0.5, "test_frac": 0.2, "lambd": 0.0, "rmse": 0.1719375233611632, "rmse_impute": 4.709214544297019}