{"task_id": 68, "noise": 0.05, "test_frac": 0.2, "lambd": 1.0, "rmse": 0.18812143401738798, "rmse_impute": 4.713576370258824}