{"task_id": 295, "noise": 1.0, "test_frac": 0.6, "lambd": 10.0, "rmse": 7.409474799344174, "rmse_impute": 5.164086539488267}