{"task_id": 207, "noise": 0.5, "test_frac": 0.3, "lambd": 10.0, "rmse": 8.110238432381028, "rmse_impute": 5.887295129424345}