{"task_id": 402, "noise": 5.0, "test_frac": 0.4, "lambd": 0.1, "rmse": 32.724382139391636, "rmse_impute": 6.350041352631317}