{"task_id": 305, "noise": 1.0, "test_frac": 0.8, "lambd": 0.01, "rmse": 4.147575394640125, "rmse_impute": 5.2357949789542575}