{"task_id": 242, "noise": 0.5, "test_frac": 0.8, "lambd": 0.1, "rmse": 0.22540607969792645, "rmse_impute": 5.199053796645469}