{"task_id": 412, "noise": 5.0, "test_frac": 0.5, "lambd": 1.0, "rmse": 0.5190618186554239, "rmse_impute": 5.950914415695368}