{"task_id": 127, "noise": 0.05, "test_frac": 0.9, "lambd": 10.0, "rmse": 7.059839042109416, "rmse_impute": 6.773296306591605}