{"task_id": 208, "noise": 0.5, "test_frac": 0.4, "lambd": 0.0, "rmse": 0.3479702558093094, "rmse_impute": 5.827264237274224}