{"task_id": 442, "noise": 5.0, "test_frac": 0.9, "lambd": 0.1, "rmse": 7.0366305030199685, "rmse_impute": 7.680646687184063}