{"task_id": 53, "noise": 0.0, "test_frac": 0.8, "lambd": 2.0, "rmse": 0.17164254237948187, "rmse_impute": 5.190267753999115}