{"task_id": 217, "noise": 0.5, "test_frac": 0.5, "lambd": 0.01, "rmse": 21.241684895029735, "rmse_impute": 5.274536539986228}