{"task_id": 34, "noise": 0.0, "test_frac": 0.6, "lambd": 0.1, "rmse": 5.68232678125805e-08, "rmse_impute": 5.11549040005087}