{"task_id": 340, "noise": 2.0, "test_frac": 0.4, "lambd": 1.0, "rmse": 0.3364911933915081, "rmse_impute": 5.934122419417744}