{"task_id": 330, "noise": 2.0, "test_frac": 0.3, "lambd": 0.1, "rmse": 0.4022709350060527, "rmse_impute": 5.997580273316144}