{"task_id": 224, "noise": 0.5, "test_frac": 0.6, "lambd": 0.0, "rmse": 2.8298665660360074, "rmse_impute": 5.131747802587323}