{"task_id": 257, "noise": 1.0, "test_frac": 0.2, "lambd": 0.01, "rmse": 0.2834457261862048, "rmse_impute": 4.7118064142297085}