{"task_id": 58, "noise": 0.0, "test_frac": 0.9, "lambd": 0.1, "rmse": 3.9253143063882314, "rmse_impute": 6.7781854305500095}