{"task_id": 343, "noise": 2.0, "test_frac": 0.4, "lambd": 10.0, "rmse": 8.322204294931037, "rmse_impute": 5.934122419417744}