{"task_id": 333, "noise": 2.0, "test_frac": 0.3, "lambd": 2.0, "rmse": 0.2940755767801101, "rmse_impute": 5.997580273316144}