{"task_id": 189, "noise": 0.1, "test_frac": 0.9, "lambd": 2.0, "rmse": 5.448165053917844, "rmse_impute": 6.7686972552328815}