{"task_id": 275, "noise": 1.0, "test_frac": 0.4, "lambd": 0.5, "rmse": 0.2305567877208054, "rmse_impute": 5.854896075048675}