{"task_id": 170, "noise": 0.1, "test_frac": 0.7, "lambd": 0.1, "rmse": 0.1394809633222625, "rmse_impute": 5.7803546355928965}