{"task_id": 365, "noise": 2.0, "test_frac": 0.7, "lambd": 2.0, "rmse": 0.26182127704352137, "rmse_impute": 5.9734278806597745}