{"task_id": 97, "noise": 0.05, "test_frac": 0.6, "lambd": 0.01, "rmse": 2.805938316498388, "rmse_impute": 5.116386922875807}