{"task_id": 184, "noise": 0.1, "test_frac": 0.9, "lambd": 0.0, "rmse": 5.6765269006538634, "rmse_impute": 6.7686972552328815}