{"task_id": 356, "noise": 2.0, "test_frac": 0.6, "lambd": 1.0, "rmse": 0.4280999000253596, "rmse_impute": 5.275678226361304}