{"task_id": 32, "noise": 0.0, "test_frac": 0.6, "lambd": 0.0, "rmse": 2.8172484862454286, "rmse_impute": 5.11549040005087}