{"task_id": 233, "noise": 0.5, "test_frac": 0.7, "lambd": 0.01, "rmse": 3.3453258569066713, "rmse_impute": 5.798275821442826}