{"task_id": 95, "noise": 0.05, "test_frac": 0.5, "lambd": 10.0, "rmse": 0.1695619875383562, "rmse_impute": 5.25850424010015}