{"task_id": 444, "noise": 5.0, "test_frac": 0.9, "lambd": 1.0, "rmse": 6.147624139930281, "rmse_impute": 7.680646687184063}