{"task_id": 35, "noise": 0.0, "test_frac": 0.6, "lambd": 0.5, "rmse": 2.1834277847616587e-08, "rmse_impute": 5.11549040005087}