{"task_id": 258, "noise": 1.0, "test_frac": 0.2, "lambd": 0.1, "rmse": 25.730530224429483, "rmse_impute": 4.7118064142297085}