{"task_id": 401, "noise": 5.0, "test_frac": 0.4, "lambd": 0.01, "rmse": 2.7390215319406224, "rmse_impute": 6.350041352631317}