{"task_id": 443, "noise": 5.0, "test_frac": 0.9, "lambd": 0.5, "rmse": 6.540687058077992, "rmse_impute": 7.680646687184063}