{"task_id": 8, "noise": 0.0, "test_frac": 0.3, "lambd": 0.0, "rmse": 0.0003161220606828892, "rmse_impute": 5.864157555444309}