{"task_id": 133, "noise": 0.1, "test_frac": 0.2, "lambd": 2.0, "rmse": 0.19041333802426025, "rmse_impute": 4.712778851702806}