{"task_id": 161, "noise": 0.1, "test_frac": 0.6, "lambd": 0.01, "rmse": 2.8066250400030257, "rmse_impute": 5.11744583402235}