{"task_id": 119, "noise": 0.05, "test_frac": 0.8, "lambd": 10.0, "rmse": 6.95503197343918, "rmse_impute": 5.189880790130758}