{"task_id": 125, "noise": 0.05, "test_frac": 0.9, "lambd": 2.0, "rmse": 5.302931836166488, "rmse_impute": 6.773296306591605}