{"task_id": 434, "noise": 5.0, "test_frac": 0.8, "lambd": 0.1, "rmse": 4.636676872443278, "rmse_impute": 6.402853601022988}