{"task_id": 391, "noise": 5.0, "test_frac": 0.2, "lambd": 10.0, "rmse": 7.371336026403011, "rmse_impute": 5.005230329672657}