{"task_id": 281, "noise": 1.0, "test_frac": 0.5, "lambd": 0.01, "rmse": 2.4730522910519204, "rmse_impute": 5.304174382667232}