{"task_id": 158, "noise": 0.1, "test_frac": 0.5, "lambd": 5.0, "rmse": 0.17026859712145728, "rmse_impute": 5.259784128496524}