{"task_id": 250, "noise": 0.5, "test_frac": 0.9, "lambd": 0.1, "rmse": 4.652606251320399, "rmse_impute": 6.742410826032986}