{"task_id": 318, "noise": 1.0, "test_frac": 0.9, "lambd": 5.0, "rmse": 7.059839040899857, "rmse_impute": 6.736012527998314}