{"task_id": 55, "noise": 0.0, "test_frac": 0.8, "lambd": 10.0, "rmse": 6.955031973439179, "rmse_impute": 5.190267753999115}