{"task_id": 111, "noise": 0.05, "test_frac": 0.7, "lambd": 10.0, "rmse": 7.088834792231989, "rmse_impute": 5.77898748567473}