{"task_id": 292, "noise": 1.0, "test_frac": 0.6, "lambd": 1.0, "rmse": 7.552956451727093, "rmse_impute": 5.164086539488267}