{"task_id": 107, "noise": 0.05, "test_frac": 0.7, "lambd": 0.5, "rmse": 0.15818209730641064, "rmse_impute": 5.77898748567473}