{"task_id": 210, "noise": 0.5, "test_frac": 0.4, "lambd": 0.1, "rmse": 0.15289398836068901, "rmse_impute": 5.827264237274224}