{"task_id": 141, "noise": 0.1, "test_frac": 0.3, "lambd": 2.0, "rmse": 0.1791089855171937, "rmse_impute": 5.868230016330657}