{"task_id": 73, "noise": 0.05, "test_frac": 0.3, "lambd": 0.01, "rmse": 0.008930741796508213, "rmse_impute": 5.86615897833404}