{"task_id": 110, "noise": 0.05, "test_frac": 0.7, "lambd": 5.0, "rmse": 0.589614530119368, "rmse_impute": 5.77898748567473}