{"task_id": 105, "noise": 0.05, "test_frac": 0.7, "lambd": 0.01, "rmse": 3.315950913360645, "rmse_impute": 5.77898748567473}