{"task_id": 358, "noise": 2.0, "test_frac": 0.6, "lambd": 5.0, "rmse": 0.38084930809548667, "rmse_impute": 5.275678226361304}