{"task_id": 203, "noise": 0.5, "test_frac": 0.3, "lambd": 0.5, "rmse": 0.1956136097832051, "rmse_impute": 5.887295129424345}