{"task_id": 37, "noise": 0.0, "test_frac": 0.6, "lambd": 2.0, "rmse": 0.16804524032609167, "rmse_impute": 5.11549040005087}