{"task_id": 363, "noise": 2.0, "test_frac": 0.7, "lambd": 0.5, "rmse": 0.3006005686004276, "rmse_impute": 5.9734278806597745}