{"task_id": 126, "noise": 0.05, "test_frac": 0.9, "lambd": 5.0, "rmse": 7.059839048374452, "rmse_impute": 6.773296306591605}