{"task_id": 320, "noise": 2.0, "test_frac": 0.2, "lambd": 0.0, "rmse": 0.6023075449753601, "rmse_impute": 4.740387960260001}