{"task_id": 4, "noise": 0.0, "test_frac": 0.2, "lambd": 1.0, "rmse": 3.022640830471644e-08, "rmse_impute": 4.714451997014757}