{"task_id": 164, "noise": 0.1, "test_frac": 0.6, "lambd": 1.0, "rmse": 0.47107187583169197, "rmse_impute": 5.11744583402235}