{"task_id": 291, "noise": 1.0, "test_frac": 0.6, "lambd": 0.5, "rmse": 0.32229066593678984, "rmse_impute": 5.164086539488267}