{"task_id": 433, "noise": 5.0, "test_frac": 0.8, "lambd": 0.01, "rmse": 27.249239029234865, "rmse_impute": 6.402853601022988}