{"task_id": 182, "noise": 0.1, "test_frac": 0.8, "lambd": 5.0, "rmse": 0.18786356015957573, "rmse_impute": 5.189775231156324}