{"task_id": 377, "noise": 2.0, "test_frac": 0.9, "lambd": 0.01, "rmse": 6.165069872510909, "rmse_impute": 6.81129590318966}