{"task_id": 263, "noise": 1.0, "test_frac": 0.2, "lambd": 10.0, "rmse": 0.24204624450006282, "rmse_impute": 4.7118064142297085}