{"task_id": 348, "noise": 2.0, "test_frac": 0.5, "lambd": 1.0, "rmse": 0.5944603401853827, "rmse_impute": 5.3998980685102}