{"task_id": 310, "noise": 1.0, "test_frac": 0.8, "lambd": 5.0, "rmse": 0.20125759307223492, "rmse_impute": 5.2357949789542575}