{"task_id": 197, "noise": 0.5, "test_frac": 0.2, "lambd": 2.0, "rmse": 0.21078142065904082, "rmse_impute": 4.709214544297019}