{"task_id": 70, "noise": 0.05, "test_frac": 0.2, "lambd": 5.0, "rmse": 0.18789961859777857, "rmse_impute": 4.713576370258824}