{"task_id": 252, "noise": 0.5, "test_frac": 0.9, "lambd": 1.0, "rmse": 7.059839040860487, "rmse_impute": 6.742410826032986}