{"task_id": 441, "noise": 5.0, "test_frac": 0.9, "lambd": 0.01, "rmse": 6.944646555855471, "rmse_impute": 7.680646687184063}