{"task_id": 364, "noise": 2.0, "test_frac": 0.7, "lambd": 1.0, "rmse": 0.26177082406405766, "rmse_impute": 5.9734278806597745}