{"task_id": 121, "noise": 0.05, "test_frac": 0.9, "lambd": 0.01, "rmse": 5.3472635467322505, "rmse_impute": 6.773296306591605}