{"task_id": 367, "noise": 2.0, "test_frac": 0.7, "lambd": 10.0, "rmse": 7.08883479223205, "rmse_impute": 5.9734278806597745}