{"task_id": 11, "noise": 0.0, "test_frac": 0.3, "lambd": 0.5, "rmse": 3.5399751390325774e-11, "rmse_impute": 5.864157555444309}