{"task_id": 9, "noise": 0.0, "test_frac": 0.3, "lambd": 0.01, "rmse": 5.468692126550503e-08, "rmse_impute": 5.864157555444309}