{"task_id": 311, "noise": 1.0, "test_frac": 0.8, "lambd": 10.0, "rmse": 6.955031976195755, "rmse_impute": 5.2357949789542575}