{"task_id": 137, "noise": 0.1, "test_frac": 0.3, "lambd": 0.01, "rmse": 0.017051203172460613, "rmse_impute": 5.868230016330657}