{"task_id": 390, "noise": 5.0, "test_frac": 0.2, "lambd": 5.0, "rmse": 0.5849946734633404, "rmse_impute": 5.005230329672657}