{"task_id": 361, "noise": 2.0, "test_frac": 0.7, "lambd": 0.01, "rmse": 3.440130769998487, "rmse_impute": 5.9734278806597745}