{"task_id": 17, "noise": 0.0, "test_frac": 0.4, "lambd": 0.01, "rmse": 1.0246636822162401e-10, "rmse_impute": 5.807782953905766}