{"task_id": 27, "noise": 0.0, "test_frac": 0.5, "lambd": 0.5, "rmse": 3.064287718182602e-08, "rmse_impute": 5.257350078795698}