{"task_id": 350, "noise": 2.0, "test_frac": 0.5, "lambd": 5.0, "rmse": 7.621279163481119, "rmse_impute": 5.3998980685102}