{"task_id": 149, "noise": 0.1, "test_frac": 0.4, "lambd": 2.0, "rmse": 0.17055003003691127, "rmse_impute": 5.811022737639585}