{"task_id": 44, "noise": 0.0, "test_frac": 0.7, "lambd": 1.0, "rmse": 0.17265514271722643, "rmse_impute": 5.7778149084172385}