{"task_id": 41, "noise": 0.0, "test_frac": 0.7, "lambd": 0.01, "rmse": 3.315649914127584, "rmse_impute": 5.7778149084172385}