{"task_id": 435, "noise": 5.0, "test_frac": 0.8, "lambd": 0.5, "rmse": 4.028934400822608, "rmse_impute": 6.402853601022988}