{"task_id": 131, "noise": 0.1, "test_frac": 0.2, "lambd": 0.5, "rmse": 0.015056423564852268, "rmse_impute": 4.712778851702806}