{"task_id": 142, "noise": 0.1, "test_frac": 0.3, "lambd": 5.0, "rmse": 0.17909314665607162, "rmse_impute": 5.868230016330657}