{"task_id": 304, "noise": 1.0, "test_frac": 0.8, "lambd": 0.0, "rmse": 4.141945597932685, "rmse_impute": 5.2357949789542575}