{"task_id": 215, "noise": 0.5, "test_frac": 0.4, "lambd": 10.0, "rmse": 8.32220429493104, "rmse_impute": 5.827264237274224}