{"task_id": 143, "noise": 0.1, "test_frac": 0.3, "lambd": 10.0, "rmse": 0.17901546296676912, "rmse_impute": 5.868230016330657}