{"task_id": 14, "noise": 0.0, "test_frac": 0.3, "lambd": 5.0, "rmse": 0.17590396564032248, "rmse_impute": 5.864157555444309}