{"task_id": 331, "noise": 2.0, "test_frac": 0.3, "lambd": 0.5, "rmse": 0.29408159864304156, "rmse_impute": 5.997580273316144}