{"task_id": 198, "noise": 0.5, "test_frac": 0.2, "lambd": 5.0, "rmse": 5.480140684341312, "rmse_impute": 4.709214544297019}