{"task_id": 267, "noise": 1.0, "test_frac": 0.3, "lambd": 0.5, "rmse": 0.23819029033483036, "rmse_impute": 5.917317651847501}