{"task_id": 108, "noise": 0.05, "test_frac": 0.7, "lambd": 1.0, "rmse": 0.1721229676499433, "rmse_impute": 5.77898748567473}