{"task_id": 0, "noise": 0.0, "test_frac": 0.2, "lambd": 0.0, "rmse": 6.4295674361658375e-09, "rmse_impute": 4.714451997014757}