{"task_id": 418, "noise": 5.0, "test_frac": 0.6, "lambd": 0.1, "rmse": 3.305442421092541, "rmse_impute": 5.943097918530763}