{"task_id": 271, "noise": 1.0, "test_frac": 0.3, "lambd": 10.0, "rmse": 0.22375612030122546, "rmse_impute": 5.917317651847501}