{"task_id": 99, "noise": 0.05, "test_frac": 0.6, "lambd": 0.5, "rmse": 7.552635603026544, "rmse_impute": 5.116386922875807}