{"task_id": 195, "noise": 0.5, "test_frac": 0.2, "lambd": 0.5, "rmse": 0.14313794984465275, "rmse_impute": 4.709214544297019}