{"task_id": 407, "noise": 5.0, "test_frac": 0.4, "lambd": 10.0, "rmse": 8.322204294931034, "rmse_impute": 6.350041352631317}