{"task_id": 344, "noise": 2.0, "test_frac": 0.5, "lambd": 0.0, "rmse": 2.6275614609990976, "rmse_impute": 5.3998980685102}