{"task_id": 287, "noise": 1.0, "test_frac": 0.5, "lambd": 10.0, "rmse": 7.621279163480594, "rmse_impute": 5.304174382667232}