{"task_id": 38, "noise": 0.0, "test_frac": 0.6, "lambd": 5.0, "rmse": 0.16797303154568644, "rmse_impute": 5.11549040005087}