{"task_id": 280, "noise": 1.0, "test_frac": 0.5, "lambd": 0.0, "rmse": 2.512856595519395, "rmse_impute": 5.304174382667232}