{"task_id": 60, "noise": 0.0, "test_frac": 0.9, "lambd": 1.0, "rmse": 2.0468840046606567, "rmse_impute": 6.7781854305500095}