{"task_id": 300, "noise": 1.0, "test_frac": 0.7, "lambd": 1.0, "rmse": 0.1940296738672364, "rmse_impute": 5.837985173412225}