{"task_id": 385, "noise": 5.0, "test_frac": 0.2, "lambd": 0.01, "rmse": 1.2629797762291135, "rmse_impute": 5.005230329672657}