{"task_id": 179, "noise": 0.1, "test_frac": 0.8, "lambd": 0.5, "rmse": 0.17200330632974625, "rmse_impute": 5.189775231156324}