{"task_id": 96, "noise": 0.05, "test_frac": 0.6, "lambd": 0.0, "rmse": 2.818080595056295, "rmse_impute": 5.116386922875807}