{"task_id": 437, "noise": 5.0, "test_frac": 0.8, "lambd": 2.0, "rmse": 0.7977063143709717, "rmse_impute": 6.402853601022988}