{"task_id": 92, "noise": 0.05, "test_frac": 0.5, "lambd": 1.0, "rmse": 7.621279165043511, "rmse_impute": 5.25850424010015}