{"task_id": 397, "noise": 5.0, "test_frac": 0.3, "lambd": 2.0, "rmse": 0.5477127445561698, "rmse_impute": 6.389055600491082}