{"task_id": 163, "noise": 0.1, "test_frac": 0.6, "lambd": 0.5, "rmse": 0.05357442339238655, "rmse_impute": 5.11744583402235}