{"task_id": 129, "noise": 0.1, "test_frac": 0.2, "lambd": 0.01, "rmse": 0.018185245953159828, "rmse_impute": 4.712778851702806}