{"task_id": 289, "noise": 1.0, "test_frac": 0.6, "lambd": 0.01, "rmse": 2.8394688594699145, "rmse_impute": 5.164086539488267}