{"task_id": 403, "noise": 5.0, "test_frac": 0.4, "lambd": 0.5, "rmse": 8.377302200487932, "rmse_impute": 6.350041352631317}