{"task_id": 118, "noise": 0.05, "test_frac": 0.8, "lambd": 5.0, "rmse": 7.5318482858411535, "rmse_impute": 5.189880790130758}