{"task_id": 325, "noise": 2.0, "test_frac": 0.2, "lambd": 2.0, "rmse": 0.31840081509554274, "rmse_impute": 4.740387960260001}