{"task_id": 63, "noise": 0.0, "test_frac": 0.9, "lambd": 10.0, "rmse": 7.0598390408604805, "rmse_impute": 6.7781854305500095}