{"task_id": 337, "noise": 2.0, "test_frac": 0.4, "lambd": 0.01, "rmse": 1.173528638913519, "rmse_impute": 5.934122419417744}