{"task_id": 128, "noise": 0.1, "test_frac": 0.2, "lambd": 0.0, "rmse": 0.038441027829142, "rmse_impute": 4.712778851702806}