{"task_id": 165, "noise": 0.1, "test_frac": 0.6, "lambd": 2.0, "rmse": 0.25342751310744793, "rmse_impute": 5.11744583402235}