{"task_id": 200, "noise": 0.5, "test_frac": 0.3, "lambd": 0.0, "rmse": 0.20442520728431626, "rmse_impute": 5.887295129424345}