{"task_id": 430, "noise": 5.0, "test_frac": 0.7, "lambd": 5.0, "rmse": 7.088834792232016, "rmse_impute": 6.773936364868786}