{"task_id": 112, "noise": 0.05, "test_frac": 0.8, "lambd": 0.0, "rmse": 4.0588376763154175, "rmse_impute": 5.189880790130758}