{"task_id": 334, "noise": 2.0, "test_frac": 0.3, "lambd": 5.0, "rmse": 0.29408735670952785, "rmse_impute": 5.997580273316144}