{"task_id": 239, "noise": 0.5, "test_frac": 0.7, "lambd": 10.0, "rmse": 7.088834792232043, "rmse_impute": 5.798275821442826}