{"task_id": 56, "noise": 0.0, "test_frac": 0.9, "lambd": 0.0, "rmse": 5.621221867491354, "rmse_impute": 6.7781854305500095}