{"task_id": 336, "noise": 2.0, "test_frac": 0.4, "lambd": 0.0, "rmse": 1.2248632435550943, "rmse_impute": 5.934122419417744}