{"task_id": 438, "noise": 5.0, "test_frac": 0.8, "lambd": 5.0, "rmse": 7.503987176323039, "rmse_impute": 6.402853601022988}