{"task_id": 71, "noise": 0.05, "test_frac": 0.2, "lambd": 10.0, "rmse": 7.371336026403026, "rmse_impute": 4.713576370258824}