{"task_id": 113, "noise": 0.05, "test_frac": 0.8, "lambd": 0.01, "rmse": 3.1101471232447837, "rmse_impute": 5.189880790130758}