{"task_id": 409, "noise": 5.0, "test_frac": 0.5, "lambd": 0.01, "rmse": 3.1475350764448233, "rmse_impute": 5.950914415695368}