{"task_id": 439, "noise": 5.0, "test_frac": 0.8, "lambd": 10.0, "rmse": 6.9550315888603365, "rmse_impute": 6.402853601022988}