{"task_id": 175, "noise": 0.1, "test_frac": 0.7, "lambd": 10.0, "rmse": 7.088834792232053, "rmse_impute": 5.7803546355928965}