{"task_id": 115, "noise": 0.05, "test_frac": 0.8, "lambd": 0.5, "rmse": 0.17148721264685685, "rmse_impute": 5.189880790130758}