{"task_id": 144, "noise": 0.1, "test_frac": 0.4, "lambd": 0.0, "rmse": 0.07642912364018509, "rmse_impute": 5.811022737639585}