{"task_id": 253, "noise": 0.5, "test_frac": 0.9, "lambd": 2.0, "rmse": 5.899764077101336, "rmse_impute": 6.742410826032986}