{"task_id": 386, "noise": 5.0, "test_frac": 0.2, "lambd": 0.1, "rmse": 1.1289930712582206, "rmse_impute": 5.005230329672657}