{"task_id": 84, "noise": 0.05, "test_frac": 0.4, "lambd": 1.0, "rmse": 0.16915209918371812, "rmse_impute": 5.80936170151119}