{"task_id": 178, "noise": 0.1, "test_frac": 0.8, "lambd": 0.1, "rmse": 3.8454061775893242, "rmse_impute": 5.189775231156324}