{"task_id": 382, "noise": 2.0, "test_frac": 0.9, "lambd": 5.0, "rmse": 7.059839040860483, "rmse_impute": 6.81129590318966}