{"task_id": 446, "noise": 5.0, "test_frac": 0.9, "lambd": 5.0, "rmse": 7.059839040860459, "rmse_impute": 7.680646687184063}