{"task_id": 74, "noise": 0.05, "test_frac": 0.3, "lambd": 0.1, "rmse": 0.01504184100728775, "rmse_impute": 5.86615897833404}