{"task_id": 78, "noise": 0.05, "test_frac": 0.3, "lambd": 5.0, "rmse": 8.110238432870947, "rmse_impute": 5.86615897833404}