{"task_id": 255, "noise": 0.5, "test_frac": 0.9, "lambd": 10.0, "rmse": 7.059839049415029, "rmse_impute": 6.742410826032986}