{"task_id": 229, "noise": 0.5, "test_frac": 0.6, "lambd": 2.0, "rmse": 0.17471814432616756, "rmse_impute": 5.131747802587323}