{"task_id": 294, "noise": 1.0, "test_frac": 0.6, "lambd": 5.0, "rmse": 7.409474799343883, "rmse_impute": 5.164086539488267}