{"task_id": 199, "noise": 0.5, "test_frac": 0.2, "lambd": 10.0, "rmse": 7.371336026403101, "rmse_impute": 4.709214544297019}