{"task_id": 447, "noise": 5.0, "test_frac": 0.9, "lambd": 10.0, "rmse": 7.059839042832737, "rmse_impute": 7.680646687184063}