{"task_id": 160, "noise": 0.1, "test_frac": 0.6, "lambd": 0.0, "rmse": 2.8182471471620607, "rmse_impute": 5.11744583402235}