{"task_id": 328, "noise": 2.0, "test_frac": 0.3, "lambd": 0.0, "rmse": 0.6989949324314014, "rmse_impute": 5.997580273316144}