{"task_id": 151, "noise": 0.1, "test_frac": 0.4, "lambd": 10.0, "rmse": 0.17086017473324736, "rmse_impute": 5.811022737639585}