{"task_id": 429, "noise": 5.0, "test_frac": 0.7, "lambd": 2.0, "rmse": 0.547706540205148, "rmse_impute": 6.773936364868786}