{"task_id": 265, "noise": 1.0, "test_frac": 0.3, "lambd": 0.01, "rmse": 26.95747773843057, "rmse_impute": 5.917317651847501}