{"task_id": 387, "noise": 5.0, "test_frac": 0.2, "lambd": 0.5, "rmse": 2.287922819581587, "rmse_impute": 5.005230329672657}