{"task_id": 28, "noise": 0.0, "test_frac": 0.5, "lambd": 1.0, "rmse": 2.6812154366895185e-08, "rmse_impute": 5.257350078795698}