{"task_id": 173, "noise": 0.1, "test_frac": 0.7, "lambd": 2.0, "rmse": 0.17202188080746, "rmse_impute": 5.7803546355928965}