{"task_id": 59, "noise": 0.0, "test_frac": 0.9, "lambd": 0.5, "rmse": 2.779399665502307, "rmse_impute": 6.7781854305500095}