{"task_id": 296, "noise": 1.0, "test_frac": 0.7, "lambd": 0.0, "rmse": 3.37588230599025, "rmse_impute": 5.837985173412225}