{"task_id": 277, "noise": 1.0, "test_frac": 0.4, "lambd": 2.0, "rmse": 0.23056611134435825, "rmse_impute": 5.854896075048675}