{"task_id": 226, "noise": 0.5, "test_frac": 0.6, "lambd": 0.1, "rmse": 0.08052826470878884, "rmse_impute": 5.131747802587323}