{"task_id": 379, "noise": 2.0, "test_frac": 0.9, "lambd": 0.5, "rmse": 5.1451070169104955, "rmse_impute": 6.81129590318966}