{"task_id": 272, "noise": 1.0, "test_frac": 0.4, "lambd": 0.0, "rmse": 0.6554618634077609, "rmse_impute": 5.854896075048675}