{"task_id": 373, "noise": 2.0, "test_frac": 0.8, "lambd": 2.0, "rmse": 0.27575450580682587, "rmse_impute": 5.390422005850322}