{"task_id": 256, "noise": 1.0, "test_frac": 0.2, "lambd": 0.0, "rmse": 0.3251635447666285, "rmse_impute": 4.7118064142297085}