{"task_id": 183, "noise": 0.1, "test_frac": 0.8, "lambd": 10.0, "rmse": 6.955031973439179, "rmse_impute": 5.189775231156324}