{"task_id": 359, "noise": 2.0, "test_frac": 0.6, "lambd": 10.0, "rmse": 7.4094747993441965, "rmse_impute": 5.275678226361304}