{"task_id": 415, "noise": 5.0, "test_frac": 0.5, "lambd": 10.0, "rmse": 7.621279163480262, "rmse_impute": 5.950914415695368}