{"task_id": 342, "noise": 2.0, "test_frac": 0.4, "lambd": 5.0, "rmse": 8.322204294931032, "rmse_impute": 5.934122419417744}