{"task_id": 21, "noise": 0.0, "test_frac": 0.4, "lambd": 2.0, "rmse": 0.16793654179245743, "rmse_impute": 5.807782953905766}