{"task_id": 368, "noise": 2.0, "test_frac": 0.8, "lambd": 0.0, "rmse": 4.582804429654964, "rmse_impute": 5.390422005850322}