{"task_id": 282, "noise": 1.0, "test_frac": 0.5, "lambd": 0.1, "rmse": 0.333709609084608, "rmse_impute": 5.304174382667232}