{"task_id": 172, "noise": 0.1, "test_frac": 0.7, "lambd": 1.0, "rmse": 0.775878226923258, "rmse_impute": 5.7803546355928965}