{"task_id": 18, "noise": 0.0, "test_frac": 0.4, "lambd": 0.1, "rmse": 3.7539863798182496e-09, "rmse_impute": 5.807782953905766}