{"task_id": 378, "noise": 2.0, "test_frac": 0.9, "lambd": 0.1, "rmse": 5.7157666945110766, "rmse_impute": 6.81129590318966}