{"task_id": 293, "noise": 1.0, "test_frac": 0.6, "lambd": 2.0, "rmse": 0.19619755379508322, "rmse_impute": 5.164086539488267}