{"task_id": 362, "noise": 2.0, "test_frac": 0.7, "lambd": 0.1, "rmse": 2.709508577652826, "rmse_impute": 5.9734278806597745}