{"task_id": 353, "noise": 2.0, "test_frac": 0.6, "lambd": 0.01, "rmse": 2.929566964653663, "rmse_impute": 5.275678226361304}