{"task_id": 427, "noise": 5.0, "test_frac": 0.7, "lambd": 0.5, "rmse": 1.055964047653857, "rmse_impute": 6.773936364868786}