{"task_id": 2, "noise": 0.0, "test_frac": 0.2, "lambd": 0.1, "rmse": 5.692802896383565e-11, "rmse_impute": 4.714451997014757}