{"task_id": 423, "noise": 5.0, "test_frac": 0.6, "lambd": 10.0, "rmse": 7.4094747993442, "rmse_impute": 5.943097918530763}