{"task_id": 273, "noise": 1.0, "test_frac": 0.4, "lambd": 0.01, "rmse": 0.6109687798208118, "rmse_impute": 5.854896075048675}