{"task_id": 232, "noise": 0.5, "test_frac": 0.7, "lambd": 0.0, "rmse": 3.352017842574929, "rmse_impute": 5.798275821442826}