{"task_id": 124, "noise": 0.05, "test_frac": 0.9, "lambd": 1.0, "rmse": 5.281019364552742, "rmse_impute": 6.773296306591605}