{"task_id": 12, "noise": 0.0, "test_frac": 0.3, "lambd": 1.0, "rmse": 4.466809226788426e-11, "rmse_impute": 5.864157555444309}