{"task_id": 244, "noise": 0.5, "test_frac": 0.8, "lambd": 1.0, "rmse": 0.17883258507313812, "rmse_impute": 5.199053796645469}