{"task_id": 307, "noise": 1.0, "test_frac": 0.8, "lambd": 0.5, "rmse": 0.20139683912484208, "rmse_impute": 5.2357949789542575}