{"task_id": 404, "noise": 5.0, "test_frac": 0.4, "lambd": 1.0, "rmse": 0.7171914283991568, "rmse_impute": 6.350041352631317}