{"task_id": 315, "noise": 1.0, "test_frac": 0.9, "lambd": 0.5, "rmse": 3.813751337785016, "rmse_impute": 6.736012527998314}