{"task_id": 237, "noise": 0.5, "test_frac": 0.7, "lambd": 2.0, "rmse": 0.17546079894335798, "rmse_impute": 5.798275821442826}