{"task_id": 347, "noise": 2.0, "test_frac": 0.5, "lambd": 0.5, "rmse": 0.2967812505994667, "rmse_impute": 5.3998980685102}