{"task_id": 301, "noise": 1.0, "test_frac": 0.7, "lambd": 2.0, "rmse": 0.197229950435107, "rmse_impute": 5.837985173412225}