{"task_id": 69, "noise": 0.05, "test_frac": 0.2, "lambd": 2.0, "rmse": 0.18789781152017893, "rmse_impute": 4.713576370258824}