{"task_id": 323, "noise": 2.0, "test_frac": 0.2, "lambd": 0.5, "rmse": 7.326577841141032, "rmse_impute": 4.740387960260001}