{"task_id": 193, "noise": 0.5, "test_frac": 0.2, "lambd": 0.01, "rmse": 0.13226075518584637, "rmse_impute": 4.709214544297019}