{"task_id": 319, "noise": 1.0, "test_frac": 0.9, "lambd": 10.0, "rmse": 7.059839040860259, "rmse_impute": 6.736012527998314}