{"task_id": 389, "noise": 5.0, "test_frac": 0.2, "lambd": 2.0, "rmse": 0.5849779187629811, "rmse_impute": 5.005230329672657}