{"task_id": 329, "noise": 2.0, "test_frac": 0.3, "lambd": 0.01, "rmse": 0.6399781704745379, "rmse_impute": 5.997580273316144}