{"task_id": 85, "noise": 0.05, "test_frac": 0.4, "lambd": 2.0, "rmse": 0.16931521859440282, "rmse_impute": 5.80936170151119}