{"task_id": 376, "noise": 2.0, "test_frac": 0.9, "lambd": 0.0, "rmse": 6.240462384219449, "rmse_impute": 6.81129590318966}