{"task_id": 42, "noise": 0.0, "test_frac": 0.7, "lambd": 0.1, "rmse": 2.275800635074643e-08, "rmse_impute": 5.7778149084172385}