{"task_id": 260, "noise": 1.0, "test_frac": 0.2, "lambd": 1.0, "rmse": 0.2422882411713346, "rmse_impute": 4.7118064142297085}