{"task_id": 152, "noise": 0.1, "test_frac": 0.5, "lambd": 0.0, "rmse": 2.463219040361488, "rmse_impute": 5.259784128496524}