{"task_id": 90, "noise": 0.05, "test_frac": 0.5, "lambd": 0.1, "rmse": 0.00642380409568668, "rmse_impute": 5.25850424010015}