{"task_id": 156, "noise": 0.1, "test_frac": 0.5, "lambd": 1.0, "rmse": 0.18495629451028292, "rmse_impute": 5.259784128496524}