{"task_id": 380, "noise": 2.0, "test_frac": 0.9, "lambd": 1.0, "rmse": 4.92392445266998, "rmse_impute": 6.81129590318966}