{"task_id": 259, "noise": 1.0, "test_frac": 0.2, "lambd": 0.5, "rmse": 0.24228992398391538, "rmse_impute": 4.7118064142297085}