{"task_id": 122, "noise": 0.05, "test_frac": 0.9, "lambd": 0.1, "rmse": 5.688706670261337, "rmse_impute": 6.773296306591605}