{"task_id": 114, "noise": 0.05, "test_frac": 0.8, "lambd": 0.1, "rmse": 0.01698147189231839, "rmse_impute": 5.189880790130758}