{"task_id": 398, "noise": 5.0, "test_frac": 0.3, "lambd": 5.0, "rmse": 0.547703657333814, "rmse_impute": 6.389055600491082}