{"task_id": 88, "noise": 0.05, "test_frac": 0.5, "lambd": 0.0, "rmse": 2.4625846926361366, "rmse_impute": 5.25850424010015}