{"task_id": 276, "noise": 1.0, "test_frac": 0.4, "lambd": 1.0, "rmse": 0.2305391140418495, "rmse_impute": 5.854896075048675}