{"task_id": 77, "noise": 0.05, "test_frac": 0.3, "lambd": 2.0, "rmse": 0.17757403683584894, "rmse_impute": 5.86615897833404}