{"task_id": 230, "noise": 0.5, "test_frac": 0.6, "lambd": 5.0, "rmse": 0.1745087589549095, "rmse_impute": 5.131747802587323}