{"task_id": 371, "noise": 2.0, "test_frac": 0.8, "lambd": 0.5, "rmse": 0.5431716912652652, "rmse_impute": 5.390422005850322}