{"task_id": 82, "noise": 0.05, "test_frac": 0.4, "lambd": 0.1, "rmse": 0.011401132792335279, "rmse_impute": 5.80936170151119}