{"task_id": 313, "noise": 1.0, "test_frac": 0.9, "lambd": 0.01, "rmse": 5.886404449455563, "rmse_impute": 6.736012527998314}