{"task_id": 366, "noise": 2.0, "test_frac": 0.7, "lambd": 5.0, "rmse": 0.26159683942051354, "rmse_impute": 5.9734278806597745}