{"task_id": 120, "noise": 0.05, "test_frac": 0.9, "lambd": 0.0, "rmse": 5.643251995035813, "rmse_impute": 6.773296306591605}