{"task_id": 322, "noise": 2.0, "test_frac": 0.2, "lambd": 0.1, "rmse": 0.4597000601972392, "rmse_impute": 4.740387960260001}