{"task_id": 36, "noise": 0.0, "test_frac": 0.6, "lambd": 1.0, "rmse": 0.16797890880658603, "rmse_impute": 5.11549040005087}