{"task_id": 254, "noise": 0.5, "test_frac": 0.9, "lambd": 5.0, "rmse": 7.059839040860485, "rmse_impute": 6.742410826032986}