{"task_id": 75, "noise": 0.05, "test_frac": 0.3, "lambd": 0.5, "rmse": 0.006568546299594145, "rmse_impute": 5.86615897833404}