{"task_id": 247, "noise": 0.5, "test_frac": 0.8, "lambd": 10.0, "rmse": 6.955031973439197, "rmse_impute": 5.199053796645469}