{"task_id": 384, "noise": 5.0, "test_frac": 0.2, "lambd": 0.0, "rmse": 1.318110214949097, "rmse_impute": 5.005230329672657}