{"task_id": 147, "noise": 0.1, "test_frac": 0.4, "lambd": 0.5, "rmse": 0.016553465330146306, "rmse_impute": 5.811022737639585}