{"task_id": 234, "noise": 0.5, "test_frac": 0.7, "lambd": 0.1, "rmse": 0.11726466631647689, "rmse_impute": 5.798275821442826}