{"task_id": 346, "noise": 2.0, "test_frac": 0.5, "lambd": 0.1, "rmse": 2.5154815789508733, "rmse_impute": 5.3998980685102}