{"task_id": 26, "noise": 0.0, "test_frac": 0.5, "lambd": 0.1, "rmse": 5.287914161421567e-08, "rmse_impute": 5.257350078795698}