{"task_id": 426, "noise": 5.0, "test_frac": 0.7, "lambd": 0.1, "rmse": 3.7934985319792833, "rmse_impute": 6.773936364868786}