{"task_id": 335, "noise": 2.0, "test_frac": 0.3, "lambd": 10.0, "rmse": 8.110238432870947, "rmse_impute": 5.997580273316144}