{"task_id": 61, "noise": 0.0, "test_frac": 0.9, "lambd": 2.0, "rmse": 2.046376816977778, "rmse_impute": 6.7781854305500095}