{"task_id": 103, "noise": 0.05, "test_frac": 0.6, "lambd": 10.0, "rmse": 0.16804579814384296, "rmse_impute": 5.116386922875807}