{"task_id": 251, "noise": 0.5, "test_frac": 0.9, "lambd": 0.5, "rmse": 3.8091713892132537, "rmse_impute": 6.742410826032986}