{"task_id": 102, "noise": 0.05, "test_frac": 0.6, "lambd": 5.0, "rmse": 0.1680600835164752, "rmse_impute": 5.116386922875807}