{"task_id": 317, "noise": 1.0, "test_frac": 0.9, "lambd": 2.0, "rmse": 3.9491842233370438, "rmse_impute": 6.736012527998314}