{"task_id": 176, "noise": 0.1, "test_frac": 0.8, "lambd": 0.0, "rmse": 4.061069376278754, "rmse_impute": 5.189775231156324}