{"task_id": 357, "noise": 2.0, "test_frac": 0.6, "lambd": 2.0, "rmse": 0.26777762210094375, "rmse_impute": 5.275678226361304}