{"task_id": 188, "noise": 0.1, "test_frac": 0.9, "lambd": 1.0, "rmse": 2.275420024895945, "rmse_impute": 6.7686972552328815}