{"task_id": 43, "noise": 0.0, "test_frac": 0.7, "lambd": 0.5, "rmse": 5.141318567120218e-09, "rmse_impute": 5.7778149084172385}