{"task_id": 241, "noise": 0.5, "test_frac": 0.8, "lambd": 0.01, "rmse": 4.104423656777147, "rmse_impute": 5.199053796645469}