{"task_id": 266, "noise": 1.0, "test_frac": 0.3, "lambd": 0.1, "rmse": 0.18361567128621575, "rmse_impute": 5.917317651847501}