{"task_id": 248, "noise": 0.5, "test_frac": 0.9, "lambd": 0.0, "rmse": 5.910471358142704, "rmse_impute": 6.742410826032986}