{"task_id": 393, "noise": 5.0, "test_frac": 0.3, "lambd": 0.01, "rmse": 1.4761992209198493, "rmse_impute": 6.389055600491082}