{"task_id": 274, "noise": 1.0, "test_frac": 0.4, "lambd": 0.1, "rmse": 0.43471415656877854, "rmse_impute": 5.854896075048675}