{"task_id": 89, "noise": 0.05, "test_frac": 0.5, "lambd": 0.01, "rmse": 2.4622680208826777, "rmse_impute": 5.25850424010015}