{"task_id": 39, "noise": 0.0, "test_frac": 0.6, "lambd": 10.0, "rmse": 0.16801046341320766, "rmse_impute": 5.11549040005087}