{"task_id": 270, "noise": 1.0, "test_frac": 0.3, "lambd": 5.0, "rmse": 0.22366261328511375, "rmse_impute": 5.917317651847501}