{"task_id": 349, "noise": 2.0, "test_frac": 0.5, "lambd": 2.0, "rmse": 1.5228881296545516, "rmse_impute": 5.3998980685102}