{"task_id": 5, "noise": 0.0, "test_frac": 0.2, "lambd": 2.0, "rmse": 0.18599175598978682, "rmse_impute": 4.714451997014757}