{"task_id": 360, "noise": 2.0, "test_frac": 0.7, "lambd": 0.0, "rmse": 3.4448937026764024, "rmse_impute": 5.9734278806597745}