{"task_id": 50, "noise": 0.0, "test_frac": 0.8, "lambd": 0.1, "rmse": 0.013394629072992475, "rmse_impute": 5.190267753999115}