{"task_id": 22, "noise": 0.0, "test_frac": 0.4, "lambd": 5.0, "rmse": 0.16790734844630642, "rmse_impute": 5.807782953905766}