{"task_id": 279, "noise": 1.0, "test_frac": 0.4, "lambd": 10.0, "rmse": 0.23053867950788848, "rmse_impute": 5.854896075048675}