{"task_id": 109, "noise": 0.05, "test_frac": 0.7, "lambd": 2.0, "rmse": 0.20088572437725666, "rmse_impute": 5.77898748567473}