{"task_id": 396, "noise": 5.0, "test_frac": 0.3, "lambd": 1.0, "rmse": 0.5750111240015112, "rmse_impute": 6.389055600491082}