{"task_id": 290, "noise": 1.0, "test_frac": 0.6, "lambd": 0.1, "rmse": 2.9050180090360764, "rmse_impute": 5.164086539488267}