{"task_id": 3, "noise": 0.0, "test_frac": 0.2, "lambd": 0.5, "rmse": 1.694820817119267e-10, "rmse_impute": 4.714451997014757}