{"task_id": 321, "noise": 2.0, "test_frac": 0.2, "lambd": 0.01, "rmse": 0.5533430439342666, "rmse_impute": 4.740387960260001}