{"task_id": 100, "noise": 0.05, "test_frac": 0.6, "lambd": 1.0, "rmse": 0.16838253441427167, "rmse_impute": 5.116386922875807}