{"task_id": 79, "noise": 0.05, "test_frac": 0.3, "lambd": 10.0, "rmse": 0.17772022295087514, "rmse_impute": 5.86615897833404}