{"task_id": 314, "noise": 1.0, "test_frac": 0.9, "lambd": 0.1, "rmse": 4.927396657660307, "rmse_impute": 6.736012527998314}