{"task_id": 332, "noise": 2.0, "test_frac": 0.3, "lambd": 1.0, "rmse": 0.2940832431265555, "rmse_impute": 5.997580273316144}