{"task_id": 341, "noise": 2.0, "test_frac": 0.4, "lambd": 2.0, "rmse": 0.33653876180873304, "rmse_impute": 5.934122419417744}