{"task_id": 388, "noise": 5.0, "test_frac": 0.2, "lambd": 1.0, "rmse": 0.750734771129731, "rmse_impute": 5.005230329672657}