{"task_id": 155, "noise": 0.1, "test_frac": 0.5, "lambd": 0.5, "rmse": 0.1704144448946226, "rmse_impute": 5.259784128496524}