{"task_id": 201, "noise": 0.5, "test_frac": 0.3, "lambd": 0.01, "rmse": 0.17371746868345667, "rmse_impute": 5.887295129424345}