{"task_id": 6, "noise": 0.0, "test_frac": 0.2, "lambd": 5.0, "rmse": 0.1859924819654877, "rmse_impute": 4.714451997014757}