{"task_id": 196, "noise": 0.5, "test_frac": 0.2, "lambd": 1.0, "rmse": 0.2105888058922345, "rmse_impute": 4.709214544297019}