{"task_id": 116, "noise": 0.05, "test_frac": 0.8, "lambd": 1.0, "rmse": 0.17152090398835626, "rmse_impute": 5.189880790130758}