{"task_id": 205, "noise": 0.5, "test_frac": 0.3, "lambd": 2.0, "rmse": 4.553874512848582, "rmse_impute": 5.887295129424345}