{"task_id": 298, "noise": 1.0, "test_frac": 0.7, "lambd": 0.1, "rmse": 0.33421652069936064, "rmse_impute": 5.837985173412225}