{"task_id": 202, "noise": 0.5, "test_frac": 0.3, "lambd": 0.1, "rmse": 0.07270079715693013, "rmse_impute": 5.887295129424345}