{"task_id": 431, "noise": 5.0, "test_frac": 0.7, "lambd": 10.0, "rmse": 7.088834792232042, "rmse_impute": 6.773936364868786}