{"task_id": 312, "noise": 1.0, "test_frac": 0.9, "lambd": 0.0, "rmse": 5.966407643196295, "rmse_impute": 6.736012527998314}