{"task_id": 13, "noise": 0.0, "test_frac": 0.3, "lambd": 2.0, "rmse": 0.1759059189039191, "rmse_impute": 5.864157555444309}