{"task_id": 410, "noise": 5.0, "test_frac": 0.5, "lambd": 0.1, "rmse": 3.0586340791003725, "rmse_impute": 5.950914415695368}