{"task_id": 383, "noise": 2.0, "test_frac": 0.9, "lambd": 10.0, "rmse": 7.059843989401903, "rmse_impute": 6.81129590318966}