{"task_id": 1, "noise": 0.0, "test_frac": 0.2, "lambd": 0.01, "rmse": 6.658047219976916e-11, "rmse_impute": 4.714451997014757}