{"task_id": 117, "noise": 0.05, "test_frac": 0.8, "lambd": 2.0, "rmse": 0.4698498513008758, "rmse_impute": 5.189880790130758}