{"task_id": 64, "noise": 0.05, "test_frac": 0.2, "lambd": 0.0, "rmse": 0.01950413677957878, "rmse_impute": 4.713576370258824}