{"task_id": 138, "noise": 0.1, "test_frac": 0.3, "lambd": 0.1, "rmse": 0.014871444050437646, "rmse_impute": 5.868230016330657}