{"task_id": 93, "noise": 0.05, "test_frac": 0.5, "lambd": 2.0, "rmse": 0.169863076502442, "rmse_impute": 5.25850424010015}