{"task_id": 436, "noise": 5.0, "test_frac": 0.8, "lambd": 1.0, "rmse": 0.793768921223992, "rmse_impute": 6.402853601022988}