{"task_id": 235, "noise": 0.5, "test_frac": 0.7, "lambd": 0.5, "rmse": 0.17545737323186514, "rmse_impute": 5.798275821442826}