{"task_id": 284, "noise": 1.0, "test_frac": 0.5, "lambd": 1.0, "rmse": 0.20047166518018134, "rmse_impute": 5.304174382667232}