{"task_id": 134, "noise": 0.1, "test_frac": 0.2, "lambd": 5.0, "rmse": 0.19005184021153707, "rmse_impute": 4.712778851702806}