{"task_id": 411, "noise": 5.0, "test_frac": 0.5, "lambd": 0.5, "rmse": 1.305240040336767, "rmse_impute": 5.950914415695368}