{"task_id": 101, "noise": 0.05, "test_frac": 0.6, "lambd": 2.0, "rmse": 0.21821478063872932, "rmse_impute": 5.116386922875807}