{"task_id": 139, "noise": 0.1, "test_frac": 0.3, "lambd": 0.5, "rmse": 0.01307130301188395, "rmse_impute": 5.868230016330657}