{"task_id": 408, "noise": 5.0, "test_frac": 0.5, "lambd": 0.0, "rmse": 3.1752218944694786, "rmse_impute": 5.950914415695368}