{"task_id": 327, "noise": 2.0, "test_frac": 0.2, "lambd": 10.0, "rmse": 0.31849087373955554, "rmse_impute": 4.740387960260001}