{"task_id": 222, "noise": 0.5, "test_frac": 0.5, "lambd": 5.0, "rmse": 0.18024236469178678, "rmse_impute": 5.274536539986228}