{"task_id": 212, "noise": 0.5, "test_frac": 0.4, "lambd": 1.0, "rmse": 0.19071449458596865, "rmse_impute": 5.827264237274224}