{"task_id": 249, "noise": 0.5, "test_frac": 0.9, "lambd": 0.01, "rmse": 5.862329919340427, "rmse_impute": 6.742410826032986}