{"task_id": 421, "noise": 5.0, "test_frac": 0.6, "lambd": 2.0, "rmse": 4.493522563482504, "rmse_impute": 5.943097918530763}