{"task_id": 392, "noise": 5.0, "test_frac": 0.3, "lambd": 0.0, "rmse": 1.542236482557628, "rmse_impute": 6.389055600491082}