{"task_id": 104, "noise": 0.05, "test_frac": 0.7, "lambd": 0.0, "rmse": 3.331150442363453, "rmse_impute": 5.77898748567473}