{"task_id": 370, "noise": 2.0, "test_frac": 0.8, "lambd": 0.1, "rmse": 3.462170724832724, "rmse_impute": 5.390422005850322}