{"task_id": 150, "noise": 0.1, "test_frac": 0.4, "lambd": 5.0, "rmse": 1.4147485976998135, "rmse_impute": 5.811022737639585}