{"task_id": 338, "noise": 2.0, "test_frac": 0.4, "lambd": 0.1, "rmse": 0.6573518457173053, "rmse_impute": 5.934122419417744}