{"task_id": 51, "noise": 0.0, "test_frac": 0.8, "lambd": 0.5, "rmse": 0.013394634468796652, "rmse_impute": 5.190267753999115}