{"task_id": 135, "noise": 0.1, "test_frac": 0.2, "lambd": 10.0, "rmse": 7.371335552839385, "rmse_impute": 4.712778851702806}