{"task_id": 354, "noise": 2.0, "test_frac": 0.6, "lambd": 0.1, "rmse": 2.992778396053517, "rmse_impute": 5.275678226361304}