{"task_id": 87, "noise": 0.05, "test_frac": 0.4, "lambd": 10.0, "rmse": 0.16917046589510282, "rmse_impute": 5.80936170151119}