{"task_id": 303, "noise": 1.0, "test_frac": 0.7, "lambd": 10.0, "rmse": 7.088834796262143, "rmse_impute": 5.837985173412225}