{"task_id": 7, "noise": 0.0, "test_frac": 0.2, "lambd": 10.0, "rmse": 0.1858970290705225, "rmse_impute": 4.714451997014757}