{"task_id": 25, "noise": 0.0, "test_frac": 0.5, "lambd": 0.01, "rmse": 8.499616809460227e-11, "rmse_impute": 5.257350078795698}