{"task_id": 132, "noise": 0.1, "test_frac": 0.2, "lambd": 1.0, "rmse": 0.19000804657668885, "rmse_impute": 4.712778851702806}