{"task_id": 417, "noise": 5.0, "test_frac": 0.6, "lambd": 0.01, "rmse": 3.369383255281305, "rmse_impute": 5.943097918530763}