{"task_id": 374, "noise": 2.0, "test_frac": 0.8, "lambd": 5.0, "rmse": 7.519149149750724, "rmse_impute": 5.390422005850322}