{"task_id": 424, "noise": 5.0, "test_frac": 0.7, "lambd": 0.0, "rmse": 3.7966123566182683, "rmse_impute": 6.773936364868786}