{"task_id": 47, "noise": 0.0, "test_frac": 0.7, "lambd": 10.0, "rmse": 7.088834792232042, "rmse_impute": 5.7778149084172385}