{"task_id": 145, "noise": 0.1, "test_frac": 0.4, "lambd": 0.01, "rmse": 0.016817641918800433, "rmse_impute": 5.811022737639585}