{"task_id": 268, "noise": 1.0, "test_frac": 0.3, "lambd": 1.0, "rmse": 0.2699561991639417, "rmse_impute": 5.917317651847501}