{"task_id": 214, "noise": 0.5, "test_frac": 0.4, "lambd": 5.0, "rmse": 0.19056861448952475, "rmse_impute": 5.827264237274224}